時間,じかん,time
現在,げんざい,present
過去,かこ,past
将来,しょうらい,one's future
将来の夢,しょうらいのゆめ,dream for the future
昼間が暖かい,ひるまがあたたかい,It's warm in the daytime
日中,にっちゅう,"daytime, during the day"
夜中,よなか,midnight
真夜中,まよなか,"middle of the night, midnight"
深夜,しんや,"middle of the night, midnight"
時期,じき,"time, period"
未来,みらい,future (usually far)
早朝,そうちょう,early morning
昼間,ひるま,daytime
平日,へいじつ,weekday
休日,きゅうじつ,"day off, holiday"
連休,れんきゅう,consecutive holidays
週末,しゅうまつ,weekend
祝日,しゅくじつ,national holiday
年末,ねんまつ,end of year
年末年始,ねんまつねんし,Year-end and New Year's holiday
月末,げつまつ,end of month
初旬,しょじゅん,first 10 days of month
上旬,じょうじゅん,first 10 days of month
中旬,ちゅうじゅん,second 10 days of the month
下旬,げじゅん,last 10 days of the month
週明け,しゅうあけ,start of the week
年中無休,ねんじゅうむきゅう,open everyday throughout the year
ゴルデンウィーク,ごるでんううぃーく,Golden Week
お盆休み,おぼんやすみ,Bon Holiday
お宅,おたく,house (formal)
家,いえ,house
家族,かぞく,family
親,おや,parent
両親,りょうしん,parents
父親,ちちおや,father
母親,ははおや,mother
叔父(おじ),おじ,uncle (younger than parents')
伯父(おじ),おじ,uncle (older than parents')
叔母(おば),おば,aunt (younger than parents')
伯母(おば),おば,aunt (older than parents')
親類,しんるい,relatives
親戚,しんせき,relatives
息子,むすこ,son
娘,むすめ,daughter
嫁,よめ,bride
甥,おい,nephew
姪,めい,niece
妹,いもうと,younger sister
弟,おとうと,younger brother
兄,あに,older brother
姉,あね,older sister
孫,まご,grandson
祖父,そふ,grandfather
祖母,そぼ,grandmother
長男,ちょうなん,first son
次男,じなん,second son
三男,さんなん,third son
長女,ちょうじょ,first daughter
次女,じじょ,second daughter
三女,さんじょ,third daughter
友人,ゆうじん,friend
上司,じょうし,boss
部下,ぶか,subordinate
知人,ちじん,acquaintance
知り合い,しりあい,acquaintance
先輩,せんぱい,one's senior
後輩,こうはい,one's junior
仲間,なかま,friend
他人,たにん,other people
うち,うち,my home
同級生,どうきゅうせい,classmate
同僚,どうりょう,colleague
家庭,かてい,home
独身,どくしん,single
実家,じっか,parent's home
食べる,たべる,eat
飲む,のむ,drink
噛む,かむ,"to chew, bite"
齧る(かじる),かじる,"to gnaw, bite, nibble"
舐める(なめる),なめる,to lick
味わう,あじわう,to taste
食事を取る,しょくじをとる,to eat a meal
酔う,よう,to become drunk
酔っ払う(よっぱらう),よっぱらう,to become drunk
お腹が空く,おなかがすく,to become hungry
喉(のど)が渇く,のどがかわく,to become thirsty
喉(のど),のど,throat
食欲がある,しょくよくがある,to have an appetite
食べ過ぎる,たべすぎる,to eat too much
自炊する,じすいする,to cook for oneself
朝食,ちょうしょく,breakfast
昼食,ちゅうしょく,lunch
夕食,ゆうしょく,dinner
(お八つ)おやつ,おやつ,snack
夜食,やしょく,late-night snack
弁当,べんとう,boxed meal
定食,ていしょく,set meal
(御代わり)おかわり,おかわり,"seconds, extra serving"
ダイエット,だいえっと,diet
おかず,おかず,dish served with rice
惣菜(そうざい),そうざい,prepared food
食品,しょくひん,food
冷凍食品,れいとうしょくひん,frozen food
インスタント食品,いんすたんとしょくひん,instant food
缶,かん,can
缶コーヒー,かんこーひー,canned coffee
缶詰(かんづめ),かんづめ,canned
空き缶,あきかん,empty can
ジャガイモ,じゃがいも,potato
タマネギ,たまねぎ,onion
ニンジン,にんじん,carrots
ピーマン,ぴーまん,green pepper
キャベツ,きゃべつ,cabbage
レタス,れたす,lettuce
トマト,とまと,tomato
ニンニク,にんにく,garlic
ショウガ,しょうが,ginger
ハム,はむ,ham
ソーセージ,そーせーじ,sausage
チーズ,ちーず,cheese
温い(ぬるい),ぬるい,lukewarm
体にいい,からだにいい,good for body
体に悪い,からだにわるい,bad for body
アイスクリーム,あいすくりーむ,ice cream
料理する,りょうりする,cook
タマネギを刻む,たまねぎをきざむ,chop an onion
刻む,きざむ,chop
リンゴの皮をむく,りんごのかわをむく,to peel an apple
剥く(むく),むく,"to peel, tear off"
リンゴ,りんご,apple
皮,かわ,skin
魚を焼く,さかなをやく,grill fish
魚,さかな,fish
焼く,やく,"to grill, bake"
肉を炒める,にくをいためる,"fry meat, saute meat"
肉,にく,meat
炒める,いためる,"fry, saute"
野菜を蒸す,やさいをむす,steam vegetables
野菜,やさい,vegetables
蒸す,むす,to steam
豆を煮る,まめをにる,simmer beans
豆,まめ,beans
煮る,にる,to simmer
卵を茹でる,たまごをゆでる,to boil an egg
卵,たまご,egg
茹でる,ゆでる,"to boil, seethe"
油で揚げる,あぶらであげる,"fry, deep fry"
フライパンを熱する,ふらいぱんをねっする,heat a frying pan
熱する,ねっする,to heat
お湯を注ぐ,おゆをそそぐ,pour hot water
注ぐ,そそぐ,to pour
ご飯を炊く,ごはんをたく,to cook rice
御飯(ごはん),ごはん,rice
炊く,たく,to cook (rice)
お湯を沸かす,おゆをわかす,to boil water
お湯,おゆ,hot water
沸かす,わかす,to boil (water)
温める,あたためる,warm up
冷やす,ひやす,cool down
温まる,あたたまる,become warm
冷える,ひえる,become cool
焦げる(こげる),こげる,"scorch, burn"
焦がす(こがす),こがす,become scorched
味,あじ,flavor
甘い,あまい,sweet
辛い,からい,spicy
塩辛い,しおからい,salty
酸っぱい(すっぱい),すっぱい,sour
苦い,にがい,bitter
味が濃い,あじがこい,strong flavored
味が薄い,あじがうすい,"bland, mild flavored"
調味料,ちょうみりょう,seasonings
塩,しお,salt
砂糖,さとう,sugar
みそ,みそ,miso
醤油(しょうゆ）,しょうゆ,soy sauce
酢,す,vinegar
油,あぶら,oil
胡椒(こしょう),こしょう,pepper
マヨネーズ,まよねーず,mayonnaise
硬い,かたい,hard
柔らかい,やわらかい,soft
新鮮(な),しんせん(な),fresh
生,なま,raw
腐る,くさる,"spoil, rot"
外食,がいしょく,eating-out
外食する,がいしょくする,to eat out
定食,ていしょく,set meal
セット,せっと,set
ランチ,らんち,lunch
ディナー,でぃなー,dinner
ドリンク,どりんく,drinks
お勧め(おすすめ),おすすめ,recommendation
持ち帰り,もちかえり,take-out
テイクアウトする,ていくあうとする,to take out
会計が済む,かいけいがすむ,to finish accounts
済む,すむ,to finish
勘定を払う,かんじょうをはらう,to pay a bill
勘定,かんじょう,bill
払う,はらう,to pay
伝票,でんぴょう,slip
取り消す,とりけす,to cancel
キャンセルする,きゃんせるする,to cancel
皿を下げる,さらをさげる,to take one's plate away
皿,さら,plate
下げる,さげる,"to take away, to dismiss"
サービスする,さーびすする,to give free ~
サービスがいい,さーびすがいい,good service
サービスが悪い,さーびすがわるい,bad service
店,みせ,"restaurant, store"
ファミレス,ふぁみれす,family restaurant
ファミリーレストラン,ふぁみりーれすとらん,family restaurant
ファストフード,ふぁすとふーど,fast food
居酒屋,いざかや,Japanese-style bar
カフェ,かふぇ,caf?
バイキング,ばいきんぐ,buffet
禁煙席,きんえんせき,non-smoking seat
喫煙席,きつえんせき,smoking seat
満席,まんせき,"full, packed"
毎日の生活,まいにちのせいかつ,everyday life
目を覚ます,めをさます,to wake up
目が覚める,めがさめる,to wake up (awaken)
目覚まし時計をセットする,めざましどけいをセットする,to set an alarm clock
目覚まし時計,めざましどけい,alarm clock
歯を磨く,はをみがく,to brush one's teeth
歯,は,"tooth, teeth"
磨く,みがく,"to brush (teeth, shoes, etc.)"
着替える,きがえる,"to get dressed, to change one's clothes"
化粧をする,けしょうをする,to put on make-up
メイク(をする),めいく(をする),to put on make-up
髪をセットする,かみをセットする,to do one's hair
髪,かみ,hair
髭(ひげ)をそる,ひげをする,to shave
服装,ふくそう,clothes
外出する,がいしゅつする,to go out
出勤する,しゅっきんする,to go to work
通勤する,つうきんする,to commute to work
通学する,つうがくする,to commute to school
帰宅する,きたくする,to go home
食器を片付ける,しょっきをかたづける,to put away the dishes
食器,しょっき,dishes
片付ける,かたづける,to keep (clean)
寛ぐ(くつろぐ),くつろぐ,to relax
パジャマ,ぱじゃま,pajamas
家事,かじ,housework
ゴミを捨てる,ごみをすてる,to dispose of garbage
捨てる,すてる,"to throw, dispose"
ゴミを出す,ごみをだす,to put out the garbage
洗濯物を干す,せんたくものをほす,to hang (out) the laundry
洗濯物,せんたくもの,laundry
干す,ほす,to hang
洗濯物を乾く,せんたくものをかわく,laundry dries
乾く,かわく,"dry, dries"
洗濯機,せんたくき,washer (washing machine)
洗剤,せんざい,detergent
石鹸(せっけん),せっけん,soap
汚れを落とす,よごれをおとす,to wash out stains/dirt
汚れが落ちる,よごれがおちる,stains/dirt are washed out
汚れ,よごれ,"stain, dirt"
掃除機をかける,そうじきをかける,to vacuum
掃除機,そうじき,vacuum
テーブルを拭く,てーぶるをふく,to wipe off table
シャツをクリーニングに出す,しゃつをくりーにんぐにだす,to take a shirt to the dry cleaner
ゴミ,ごみ,garbage
ゴミを分別する,ごみをぶんべつする,to sort garbage
粗大ゴミ,そだいごみ,bulky garbage
ゴミのリサイクル,ごみのりさいくる,garbage recycling
ゴミの回収,ごみのかいしゅう,garbage collection
回収,かいしゅう,collection
(朝)寝坊する,(あさ)ねぼうする,"to oversleep, to sleep in late"
犬の散歩をする,いぬのさんぽをする,to walk a dog
散歩をする,さんぽをする,to have a walk
餌(えさ)をやる,えさをやる,"to feed (a dog, pet, etc.)"
餌(えさ),えさ,"food  (pet/animal), bait"
犬の世話をする,いぬのせわをする,to take care of a dog
世話をする,せわをする,to take care
花に水をやる,はなにみずをやる,to water flowers
忘れ物をする,わすれものをする,"to forget something, to leave something behind"
充電,じゅうでん,to recharge battery
留守,るす,away from home
留守番をする,るすばんをする,to stay at home
身嗜み(みだしなみ)が大切,みだしなみがたいせつ,grooming/appearance is important
身嗜み(みだしなみ),みだしなみ,grooming/appearance
大切,たいせつ,important
暮らす,くらす,"to live, to reside"
一人暮らし,ひとりぐらし,living alone
電車,でんしゃ,trains
乗り換える,のりかえる,"to change trains, to transfer"
乗り越す,のりこす,to ride past one's stop
越す,こす,"to go over, pass, exceed"
乗り過ごす,のりすごす,to ride past one's stop
過ごす,すごす,"to go through, go over"
乗り遅れる,のりおくれる,to miss (the train)
席を譲る(ゆずる),せきをゆずる,to give up one's seat
譲る(ゆずる),ゆずる,"to turn over, hand over, to surrender"
間に合う,まにあう,to be on time
～に止まる,～にとまる,to stop at ~
鉄道,てつどう,railroad
JR,JR,Japan Railways
～線,～せん,~ line
新幹線,しんかんせん,bullet train
地下鉄,ちかてつ,subway
特急,とっきゅう,"limited express, special express"
急行,きゅうこう,express
快速,かいそく,"rapid, express"
各駅停車,かくえきていしゃ,local train
時刻表,じこくひょう,timetable
ダイヤ,だいや,timetable (diagram)
乗客,じょうきゃく,passenger
車掌(しゃしょう),しゃしょう,conductor
～行き,～いき,bound for ~
上り,のぼり,upbound
下り,くだり,downbound
終点,しゅうてん,"terminal, last stop"
～目,～め,~-st/-nd/-rd/-th
通過する,つうかする,to pass through
停車する,ていしゃする,to stop
発車する,はっしゃする,to depart
到着する,とうちゃくする,to arrive
列車,れっしゃ,train
車内,しゃない,inside the train
車両,しゃりょう,(train) car
終電,しゅうでん,last train of the day
満員電車,まんいんでんしゃ,crowded train
線路,せんろ,railroad tracks
踏切,ふみきり,railroad crossing
乗車券,じょうしゃけん,train ticket
片道,かたみち,one way
往復,おうふく,roundtrip
座席,ざせき,seats
指定席,していせき,reserved seat
自由席,じゆうせき,non-reserved seat
窓側,まどがわ,window-side
通路側,つうろがわ,aisle-side
満席,まんせき,all seats are taken
空席,くうせき,empty/available seat
優先席,ゆうせんせき,courtesy seat
駅,えき,stations
ホーム,ほーむ,platform
～番線,～ばんせん,track no. ~
乗り場,のりば,"taxi stand, bus stop"
切符売り場,きっぷうりば,ticket counter
通路,つうろ,passageway
南口,みなみぐち,South Gate
中央口,ちゅうおうぐち,central entrance
出口,でぐち,exit
改札口,かいさつぐち,"wicket, turnstile"
公園口,こうえんぐち,park gate/opening
非常口,ひじょうぐち,emergency exit
飛行機,ひこうき,airplane
空港,くうこう,airport
航空機,こうくうき,"aircraft, airplane"
ジェット機,じぇっとき,jet
エコノミークラス,えこのみーくらす,economy class
ビジネスクラス,びじねすくらす,business class
ファーストクラス,ふぁーすとくらす,first class
～便,～びん,~ flight
直行便,ちょっこうびん,direct flight
経由,けいゆ,via
入国,にゅうこく,entering a country
出国,しゅっこく,leaving a country
免税店,めんぜいてん,duty-free store
税関,ぜいかん,customs
出迎える,でむかえる,to meet (someone at the airport)
荷物を預ける,にもつをあずける,to check in luggage
預ける,あずける,"to deposit, to entrust/look after (something)"
ヘリコプター,へりこぷたー,helicopter
路線,ろせん,route
停留所,ていりゅうじょ,terminal
バス停,バスてい,bus terminal
運賃,うんちん,fare
高速道路,こうそくどうろ,expressway
シートベルト,しーとべると,seatbelt
車道,しゃどう,road
歩道,ほどう,sidewalk
ブレーキ,ぶれーき,brakes
速度,そくど,speed
停車する,ていしゃする,to stop
免許,めんきょ,license
行き先,いきさき,destination
トラック,とらっく,truck
バイク,ばいく,motorcycle
タクシーを拾う,たくしーをひろう,get a taxi
拾う,ひろう,to get
タクシーを捕まえる,たくしーをつかまえる,get a taxi
捕まえる,つかまえる,"catch, get (tv)"
タクシーが捕まる,たくしーがつかまる,got a taxi
捕まる,つかまる,"caught, got (iv)"
安全,あんぜん,safe
危険,きけん,dangerous
リビング,りぎんぐ,living room
居間,いま,living room
ダイニング,だいにんぐ,dining room
食堂,しょくどう,dining room
食卓,しょくたく,dining table
キッチン,きっちん,kitchen
台所,だいどころ,kitchen
天井,てんじょう,ceiling
床,ゆか,floor
フローリング,ふろーりんぐ,flooring
廊下,ろうか,hallway
柱,はしら,"pillar, post"
壁,かべ,wall
ベランダ,べらんだ,"balcony, porch"
和室,わしつ,Japanese-stlye room
畳(たたみ),たたみ,tatami (straw mat)
マンション,まんしょん,"condominium, apartment (house)"
ワンルーム,わんるーむ,studio apartment
オートロック,おーとろっく,automatic lock
家具,かぐ,furniture
家電製品,かでんせいひん,appliances
扇風機,せんぷうき,electric fan
エアコン,えあこん,air conditioner
ドライヤー,どらいやー,dryer
ソファー,そふぁー,sofa
カーペット,かーぺっと,carpet
絨毯(じゅうたん),じゅうたん,"carpet, rug"
毛布,もうふ,blanket
コンセント,こんせんと,(electrical) outlet
家庭用品,かていようひん,Household items
タオル,タオル,towel
スリッパ,スリッパ,slippers
枕,まくら,pillow
ティッシュ,てぃっしゅ,tissue paper
大家,おおや,landlord
飾る,かざる,to decorate (with something)
掛かる(かかる),かかる,to be hung (on a wall)
店,みせ,store
書店,しょてん,bookstore
本屋,ほんや,bookstore
雑貨屋,ざっかや,sundries shop
スポーツ用品店,すぽーつようひんてん,sporting goods store
美容院,びよういん,beauty salon
カフェ,かふぇ,caf?
薬屋,くすりや,drugstore
薬局,くすりきょく,pharmacy
ドラッグストア,どらっぐすとあ,drugstore
不動産屋,ふどうさんや,real estate agency
牛丼屋,ぎゅうどんや,gyudon (bowl of rice topped with beef) restaurant
イタリアン,いたりあん,Italian restaurant
中国料理店,ちゅうごくりょうりてん,Chinese restaurant
ファーストフード,ふぁすとふーど,fast food restaurant
100円ショップ,100えんしょっぷ,100-yen shop
医院,いいん,hospital
クリニック,くりにっく,clinic
商店,しょうてん,store
家電量販店,かでんりょうはんてん,discount electronics store
映画館,えいがかん,movie theater
劇場,げきじょう,theater
競技場,きょうぎじょう,"stadium, arena"
スタジアム,すたじあむ,"stadium, arena"
ATM,ATM,Automated teller machine
ポスト,ぽすと,mailbox
商店街,しょうてんがい,shopping district
駅ビル,えきびる,station building
街の風景,まちのふうけい,Cityscape
風景,ふうけい,"landscape, scenery"
様子,ようす,"state, aspect, condition"
駅前,えきまえ,area in front of a station
広場,ひろば,plaza
大通り,おおどおり,main street
空き地,あきち,vacant lot
看板,かんばん,sign
広告,こうこく,ad
ベンチ,べんち,bench
活気がある,かっきがある,to be lively
賑わう(にぎわう),にぎわう,to bustle
人通りが多い,ひとどおりがおおい,to be crowded
通行人,つうこうにん,passerby
人ごみ,ひとごみ,crowd
混雑,こんざつ,congestion
ぶらぶらする,ぶらぶらする,to stroll around
覗く(のぞく),のぞく,to peek inside
見かける,みかける (人を),"to see, to come across"
地元,じもと,local
雰囲気,ふんいき,atmosphere
雰囲気がいい,ふんいきがいい,to have a nice atmosphere
お金,おかね,money
お札,おさつ,"paper currency, bill"
紙幣,しへい,"paper currency, bill"
硬貨,こうか,coin
コイン,こいん,coin
小銭,こぜに,change
現金,げんきん,cash
キャッシュ,きゃっしゅ,cash
クレジットカード,くれじっとかーど,credit card
両替する,りょうがえする,to change/exchange (money)
お金を崩す,おかねをくずす,to change/break money
お金を降ろす,おかねをおろす,to withdraw money
振り込む,ふりこむ,to pay into bank account
お金を節約する,おかねをせつやくする,to save money
節約する,せつやくする,"to save, to conserve"
お金を貯める,おかねをためる,to save up money
貯金する,ちょきんする,to save up money
売れる,うれる,to be sold
売り切れる,うりきれる,to be sold out
売り切れ,売り切れ,to be sold out
売上,うりあげ,sales
会計,かいけい,accounting
支払う,しはらう,to pay
レシート,れしーと,receipt
市場,いちば,market
フリーマーケット,ふりーまーけっと,flea market
フリマ,ふりま,flea market
値段,ねだん,price
金額,きんがく,(monetary) amount
(～円)負ける,まける,to discount
セール,せーる,sales
バーゲン,ばーげん,sales (bargain)
特売,とくばい,special bargain
セール価格,せーるかかく,sales baragain
２割引,２０わりびき,20% discount
20％オフ,20％おふ,20% discount
定価の半額,ていかのはんがく,half of the list price
行列に並ぶ,ぎょうれつにならぶ,to wait in line
並ぶ,ならぶ,to fall in line
行列,ぎょうれつ,line
税金,ぜいきん,tax
消費税を含む,しょうひぜいをふくむ,to include consumption tax
含む,ふくむ,to include
消費税,しょうひぜい,consumption tax
物価が高い,ぶっかがたかい,prices are expensive
物価,ぶっか,price
ポイントカード,ぽいんとかーど,point card
クーポン,くーぽん,coupon
得をする,とくをする,to profit from
損をする,そんをする,to suffer a loss
返す,かえす,to return
借金,しゃっきん,debt
借金を返す,しゃっきんをかえす,to repay a debt
服,ふく,clothes
靴,くつ,shoes
ワンピース,わんぴーす,dress
ブラウス,ぶらうす,blouse
パンツ,ぱんつ,"undershorts, panties, pants"
ジーンズ,ジーンズ,jeans
マフラー,まふらー,scarf
手袋,てぶくろ,gloves
ハイヒール,はいひーる,high heels
サンダル,さんだる,sandals
スニーカー,すにーかー,sneakers
イヤリング,いやりんぐ,earings
ピアス,ぴあす,pierced earings
襟,えり,collar
長袖,ながそで,long-sleeved
半袖,はんそで,short-sleeved
柄,がら,pattern
模様,もよう,pattern
デザイン,でざいん,design
和服,わふく,Japanese-stlye clothing
脱ぐ,ぬぐ,to take off (clothes)
締める,しめる,"to fasten, to tie, to wear (a belt, etc.)"
巻く,まく,"to wrap (muffler, scarf, etc.)"
嵌める(はめる),はめる,"to wear (a ring, gloves, etc.)"
外す(はずす),はずす,"to take off, to undo (accessories)"
評価,ひょうか,Appraisal
派手(な),はで(な),flashy
地味(な),じみ(な),plain
シンプル,しんぷる,simple
お洒落(な)(おしゃれ),おしゃれ(な),stylish
上品(な),じょうひん(な),elegant
サイズ,さいず,size
きつい,きつい,tight (clothes)
緩い,ゆるい,loose (clothes)
ぶかぶか,ぶかぶか,baggy (clothes)
気に入る,きにいる,to like
似合う,(人に) にあう,to look good on (someone)
流行る,はやる,to be in fashion
試着する,しちゃくする,"to try on (clothes), fitting"
髪型,かみがた,hairstyle
試食する,ししょくする,to try out eating (food)
試飲する,しいんする,to try drinking something (tasting)
試聴する,しちょうする,"trial listening (e.g. to a record before buying), audition"
黒,くろ,black
ブラック,ぶらっく,black
白,しろ,white
ホワイト,ほわいと,white
赤,あか,red
レッド,れっど,red
青,あお,blue
ブルー,ぶるー,blue
黄色,きいろ,yellow
イエロー,いえろー,yellow
緑(色),みどり(いろ),green
グリーン,ぐりーん,green
ピンク(色),ぴんく(いろ),pink
茶色,ちゃいろ,brown
ブラウン,ぶらうん,brown
灰色,はいいろ,gray
グレー,ぐれー,gray
オレンジ(色),おれんじ(いろ),orange
紫(色),むらさき(いろ),purple
パープル,ぱーぷる,purple
金(色),きん(いろ),gold
ゴールド,ごーるど,gold
銀(色),ぎん(いろ),silver
シルバー,しるばー,silver
真っ～,まっ～,"very, really, pure, etc."
柄,がら,pattern
模様,もよう,pattern
無地,むじ,"plain, solid (color)"
花柄,はながら,flower pattern
チェック,ちぇっく,"checkered, cross-pattern"
ストライプ,すとらいぷ,striped pattern
ボーダー,ぼーだー,stripe-bordered pattern
水玉,みずたま,dotted pattern
丸(い),まる(い),"circle, round"
四角(い),しかく,"square, square-shaped"
三角,さんかく,triangle
正方形,せいほうけい,square
長方形,ちょうほうけい,rectangle
直径,ちょっけい,diameter
半径,はんけい,radius
直線,ちょくせん,straight line
直角,ちょっかく,right angle
厚い,あつい,thick
厚め,あつめ,"a bit thick, quite thick"
厚さ,あつさ,thickness
薄い,うすい,thin
長い,ながい,long
長さ,ながさ,length
短い,みじかい,short
太い,ふとい,"thick, large"
太さ,ふとさ,"thickness, diameter"
細い,ほそい,"slender, thin"
細長い,ほそながい,long and slender
広い,ひろい,"wide, spacious"
広さ,ひろさ,"width, area"
狭い,せまい,narrow
ADJめ,ADJめ,「～め」は「少し～い」という意味
ADJさ,ADJさ,「～さ」は「～ということ」も表す
カラー,からー,color
白黒,しろくろ,black and white
数,かず,numbers
量,りょう,quantity
数を数える,かずをかぞえる,to count (the number of)
数える,かぞえる,to count (numbers)
時間を計る,じかんをはかる,to time
計る,はかる,measure (time)
長さを測る,ながさをはかる,to measure length
測る,はかる,measure (length)
重さを量る,おもさをはかる,to measure weight
量る,はかる,measure (weight)
増える,ふえる,to increase
減る,へる,to decrease
増やす,ふやす,to increase (something)
減らす,へらす,to decrease (something)
増加する,ぞうかする,to increase
減少する,げんしょうする,to decrease
激増する,げきぞうする,to increase rapidly / suddenly
激減する,げきげんする,to decrease sharply
合計,ごうけい,total
平均,へいきん,average
倍,ばい,"~ times, ~ fold, double"
～以上,～いじょう,"more than ~, ~ and greater"
～以下,～いか,"less than ~, ~ and less"
～以内,～いない,"within ~, in under ~"
～未満,～みまん,"under ~, less than ~"
～ずつ,～ずつ,"~ each, ~ per"
割合が多いこと,わりあいがおおいこと,for the most part
殆ど(ほとんど)の国,ほとんどのくに,nearly all countries
殆ど(ほとんど),ほとんど,"mostly, almost, nearly"
ほぼ完成した,ほぼかんせいした,it's almost finished
ほぼ,ほぼ,"nearly, almost"
完成する,かんせいする,"to complete, finish, to perfect"
大体分かった,だいたいわかった,I understand it more or less
大体,だいたい,"more or less, almost"
だいぶ(大分)　慣れてきた,だいぶ(だいぶん)　ならてきた,I've just about got the hang of it
だいぶ(大分),だいぶ(だいぶん),"much, very, greatly, considerably"
慣れてきた(慣れる),なれてきた(なれる),"to get accustomed, get used to"
島の大部分,しまのだいぶぶん,most of the island
島,しま,island
大部分,だいぶぶん,"majority, mostly, largely"
単位,たんい,units
トン,とん (t),ton
キロ,きろ(k),kilo
キログラム,きろぐらむ (kg),kilogram
グラム,ぐらむ (g),gram
メートル,めーとる (m),meter
センチ,せんち (cm),centimeter
ミリ,みり (mm),millimeter
リットル,りっとる (l),liter
ミリリットル,みりりっとる (ml),milliliter
分,ふん,minute(s)
秒,びょう,second(s)
パーセント,ぱーせんと (%),percent
割,わり,"~ (tenth) percent counter, eg. 1割 = 10%"
趣味,しゅみ,hobbies
活動,かつどう,activities
スポーツ,すぽーつ,sports
運動,うんどう,exercise
スポーツジム/クラブ,すぽーつじむ/くらす,"gym, health club"
水泳,すいえい,swimming
マラソン,まらそん,"marathon, long-distance race"
ジョギング,じょぎんぐ,jogging
登山,とざん,mountain climbing
山登り,やまのぼり,mountain climbing
ハイキング,はいきんぐ,hiking
釣り,つり,fishing
キャンプ,きゃんぷ,camping
サイクリング,さいくりんぐ,cycling
ボウリング,ぼうりんぐ,bowling
野球,やきゅう,baseball
卓球,たっきゅう,table tennnis
柔道,じゅうどう,judo
空手,からて,karate
音楽,おんがく,music
絵,え,painting
歌を歌う,うたをうたう,to sing a song
歌,うた,song
歌う,うたう,to sing
踊る,おどる,to dance
踊り,おどり,dance
ダンス,だんす,dance
カラオケ,からおけ,karaoke
演奏する,えんそうする,to perform
演奏引く,えんそうひく,to perform
楽器を弾く,がっきをひく,to play an instrument
弾く,ひく,to play (musical instrument)
ピアノ,ぴあの,piano
ギター,ぼだー,guitar
バイオリン,ばいおりん,violin
音楽を聴く,おんがくをきく,to listen to music
聴く,きく,"to listen (music, etc.)"
ジャズ,じゃず,jazz
ロック,ろっく,rock
ポップス,ぽっぷす,pops (pop music)
クラシック,くらしっく,classic
コンサート,こんさーと,concert
ライブ,らいぶ,live concert
美術館,びじゅつかん,art museum
博物館,はくぶつかん,museum
本,ほん,book
映画,えいが,"films, movies"
読書,どくしょ,reading
小説,しょうせつ,novel
雑誌,ざっし,magazine
漫画,まんが,"manga, comic"
アニメ,あにめ,animation
旅行,りょこう,travel
活動,かつどう,activities
旅館に泊まる,りょかんにとまる,to stay at a Japanese-style inn
旅館,りょかん,Japanese-stlye inn
泊まる,とまる,to stay
温泉,おんせん,"hot spring, spa"
観光(をする),かんこう(をする),"sightseeing, tourism"
見物(をする),けんぶつ(をする),sightseeing
クラブ,くらっぶ,club
サークル,さーくる,"circle, club"
コンクールに出場する,こんくーるにしゅつじょうする,to participate in a contest
コンクール,こんくーる,contest
出場する,しゅつじょうする,participate
ボランティア,ぼらんてぃあ,volunteer
料理,りょうり,cooking
お洒落(おしゃれ),おしゃれ,"fashion, style"
ペットを飼う,ぺっとをかう,to keep a pet
ペット,ぺっと,pet
飼う,かう,"raise, feed, to own (a pet)"
作品,さくひん,"(art, literary, etc.) work"
プロ,ぷろ,pro
アマチュア,あまちゅあ,amateur
選手,せんしゅ,"athlete, player"
チーム,ちーむ,team
応援する,おうえんする,to cheer for
ファン,ふぁん,fan
郵便,ゆうびん,mail
宅配,たくはい,home delivery
手紙,てがみ,letter
葉書,はがき,postcard
葉書を出す,はがきをだす,to mail a postcard
80円切手を貼る,80えんきってをはる,affix an 80-yen stamp
切手,きって,stamp
貼る,はる,"affix, stick"
封筒に入れる,ふうとうにいれる,put in an envelope
返信用封筒,へんしんようふうとう,self-addressed stamped envelope
写真を同封する,しゃしんをどうふうする,enclose photos
同封する,どうふうする,to enclose
年賀状,ねんがじょう,New Year's greeting card
便箋(びんせん),びんせん,stationery
～を記入する,～をきにゅうする,filling out
宛先(あてさき),あてさき,"destination, (receiving) address"
お届け先,おとどけさき,"destination, (receiving) address"
郵便番号,ゆうびんばんごう,postal code
住所,じゅうしょ,address
氏名,しめい,name
用紙に記入する,ようしにきにゅうする,to fill out a form
方法,ほうほう,"way, method"
普通郵便,ふつうゆうびん,regular mail
速達,そくたつ,special delivery
書留,かきとめ,registered mail
航空便,こうくうびん,airmail
船便,ふなびん,"sea mail, surface mail"
配達する,はいたつする,delivery
届く,とどく,delivery
荷物を配達する,にもつをはいたつする,to deliver a package
荷物を届ける,にもつをとどける,to deliver a package
荷物が届く,にもつがとどく,a package is delivered
荷物が着く,にもつがつく,a package arrived
荷物を受け取る,にもつをうけとる,to receive a package
受け取る,うけとる,"to receive, to get"
判子を押す,はんこをおす,to stamp one's mail
押す,おす,"stamp, press"
サインをする,さいんをする,to sign
便り,たより,news/a letter
便りがある,たよりがある,to receive a news/a letter
返事を書く,へんじをかく,to write a reply
返事,へんじ,reply
送料が掛かる(かかる),そうりょうがかかる,to incur a shipping fee
送料,そうりょう,shipping fee
小包,こづつみ,package
電報,でんぽう,telegram
人生,じんせい,life
誕生,たんじょう,birth
成長,せいちょう,growth
生まれる,うまれる,to be born
誕生する,たんじょうする,to be born
生む,うむ,to give birth
育つ,そだつ,to grow
成長する,せいちょうする,to grow
育てる,そだてる,to raise
育児,いくじ,child raising
子育て,こそだて,child raising
幼稚園,ようちえん,kindergarten
大人になる,おとなになる,to become an adult
大きくなる,おおきくなる,to grow up
夢,ゆめ,dream
希望,きぼう,hopes
夢を持つ,ゆめをもつ,to have a dream
希望を抱く,きぼうをいだく,to have hope
抱く,いだく,"to embrace, hug"
叶う,かなう,to come true
志望,しぼう,"preferred, one's choice"
入学,にゅうがく,schooling
卒業,そつぎょう,graduation
就職,しゅうしょく,employment
入学する,にゅうがくする,to enroll in a school
卒業する,そつぎょうする,to graduate
入社する,にゅうしゃする,to join a company
就職する,しゅうしょくする,to get a job
退職する,たいしょくする,to leave a job
会社を辞める,かいしゃをやめる,to quit a company
辞める,やめる,"to quit, stop"
恋愛,れんあい,love
出会う,であう,to meet (for first time)
付き合う,つきあう,"to date, to keep company, associate"
デートする,でーとする,"to date, go on a date"
恋人,こいびと,"lover, girlfriend/boyfriend"
失恋する,しつれんする,to be rejected
振る,ふる,"to be rejected, to be stood up"
結婚する,けっこんする,to marry
別れる,わかれる,to split up
死,し,death
生きる,いきる,to live
命,いのち,life
生命,せいめい,"life, existence"
死ぬ,しぬ,to die
亡くなる,なくなる,to die
年を取る,としをとる,to age
老いる,おいる,to grow old
長生きする,ながいきする,to live a long life
寿命,じゅみょう,longevity
葬式,そうしき,funeral
墓,はか,grave
人の呼び方,ひとのよびかた,terms for people
赤ちゃん,あかちゃん,baby
赤ん坊,あかんぼう,baby
幼児,ようじ,infant
少年,しょうねん,"juvenile, boy"
青年,せいねん,youth
大人,おとな,adult
成人,せいじん,adult
未成年,みせいねん,minor
中年,ちゅうねん,middle-aged person
年配,ねんぱい,elderly person
お年寄り,おとしより,elderly person
老人,ろうじん,elderly person
高齢者,こうれいしゃ,elderly person
社会,しゃかい,society
国,くに,nation
政治,せいじん,politics
選挙,せんきょ,elections
投票する,とうひょうする,to vote
代表,だいひょう,representative
候補者,こうほしゃ,candidate
演説する,えんぜつする,to give a speech
首相,しゅしょう,prime minister
政府,せいふ,government
首都,しゅと,capital
全国,ぜんこく,the whole country
地方,ちほう,"provincial area, local"
県,けん,prefecture
市町村,しちょうそん,"cities, towns, and villages"
都会,とかい,big city
田舎,いなか,countryside
都市,とし,city
地域,ちいき,community
郊外,こうがい,suburb
市長,しちょう,mayor
市役所,しやくしょ,city hall
役人,やくにん,civil servant
国民,こくみん,the people (of a nation)
市民,しみん,citizen
住民,じゅうみん,resident
公共(の),こうきょう(の),public
法律を守る,ほうりつをまもる,to obey the law
法を守る,ほうをまもる,to obey the law
守る,まもる,"to obey, protect, abide, keep (promise)"
規則,きそく,rules
ルール,るーる,rules
税金が掛かる,ぜいきんがかかる,to be taxed
消費税,しょうひぜい,consumption tax
権利,けんり,right
義務,ぎむ,duty
社会問題,しゃかいもんだい,Social issues
犯罪を防ぐ,はんざいをふせぐ,to prevent crime
犯罪,はんざい,crime
防ぐ,ふせぐ,"to prevent, protect"
治安がいい,ちあんがいい,safe
治安,ちあん,"public order, security"
苛め(いじめ),いじめ,bullying
自殺,じさつ,suicide
暴力を振るう,ぼうりょくをふるう,to behave violently
暴力,ぼうりょく,"violence, force"
振るう,ふるう,"wield, exert, act"
深刻な事件,しんこくなじけん,serious incident
深刻,しんこく,serious
事件,じけん,"incident, case"
少子化が進む,しょうしかがすすむ,birthrate declines increasingly
少子化,しょうしか,low fertility
進む,すすむ,"proceed, advance"
高齢化,こうれいか,population aging
フリーター,ふりーたー,job-hopping part-timer
公害,こうがい,pollution
騒音,そうおん,noise
排気ガス,はいきがす,exhaust gas
汚染する,おせんする,to pollute
世の中,よのなか,the world
世間,せけん,the world
ビザ,ビザ,visa
外国人登録証,がいこくじんとうろくしょう,alien registration card
身分証明書,みぶんしょうめいしょ,ID card
環境,かんきょう,environment
パトカー,ぱとかー,police car
消防車,しょうぼうしゃ,fire truck
救急車,きゅうきゅうしゃ,ambulance
大統領,だいとうりょう,president
産業,さんぎょう,industry
国内の産業,こくないのさんぎょう,domestic industry
国内,こくない,domestic
発展する,はってんする,"to grow, develop"
工業,こうぎょう,(manufacturing) industry
農業,のうぎょう,agriculture
漁業,ぎょぎょう,fishing industry
生産する,せいさんする,produce
大量生産,たいりょうせいさん,mass production
消費する,しょうひする,to consume
開発する,かいはつする,to develop
管理する,かんりする,to manage
建設する,けんせつする,"to build (road, terminal/station, factory, etc.)"
建築する,けんちくする,"to build, construct, architechture"
原料,げんりょう,raw material
材料,ざいりょう,material
原材料,げんざいりょう,raw material
石油,せきゆ,petroleum
石炭,せきたん,coal
燃料,ねんりょう,fuel
電力を供給する,でんりょくをきょうきゅうする,to supply electricity
電力,でんりょく,electric power
供給する,きょうきゅうする,"to supply, provide"
発電する,はつでんする,to generate electricity
原子力発電所,げんしりょくはつでんしょ,nuclear power plant
科学技術の進歩,かがくぎじゅつのしんぽ,progress of science and technology
科学技術,かがくぎじゅつ,science and technology
進歩,しんぽ,"progess, development"
バイオ技術,ばいおぎじゅつ,biotechnology
プロジェクト,ぷろじぇくと,project
工場,こうじょう,factory
機械,きかい,machine
作業する,さぎょうする,to work
運転する,うんてんする,to run (machine/vehicle)
停止する,ていしする,to stop (machine)
調節する,ちょうせつする,"to regulate, to adjust"
自動,じどう,automatic
部品を組み立てる,ぶひんをくみたてる,to assemble parts
部品,ぶひん,parts
組み立てる,くみたてる,"to assemble, construct, set-up"
エネルギー,えねるぎー,energy
エンジン,えんじん,engine
モーター,もーたー,motor
製品,せいひん,products
品質がいい,ひんしつがいい,to be of good quality
品質,ひんしつ,quality
質,しつ,quality
性能がいい,せいのうがいい,to have a good performance
性能,せいのう,"performance, efficiency"
便利な機能,べんりなきのう,convenient function
便利,べんり,convenient
機能,きのう,function
最新のモデル,さいしんのもでる,latest model
最新,さいしん,"latest, newest"
規模,きぼ,scale
大規模,だいきぼ,large-scale
小規模,しょうきぼ,small-scale
大型,おおがた,large-scale
小型,こがた,small-scale
特許,とっきょ,patent
円高,えんだか,strong yen
円安,えんやす,weaker yen
材料,ざいりょう,materials
道具,どうぐ,utensils
油,あぶら,"oil, grease"
石油,せきゆ,petroleum
石炭,せきたん,coal
鉄,てつ,"iron, steel"
スチール製の棚,すちーるせいのたな,steel rack
～製,～せい,"made of~, made in~"
棚,たな,"shelf, rack"
金メダル,きんめだる,gold medal
銀,ぎん,silver
銅,どう,"copper, bronze(medal)"
ダイヤモンド,だいやもんど,diamond
アルミ缶,あるみかん,aluminum can
金属,きんぞく,metal
輪ゴム,わごむ,rubber band
ビニールの袋,びにーるのふくろ,plastic bag
ビニール,びにーる,vinyl
ナイロンの靴下,ないろんのくつした,nylon socks
ナイロン,ないろん,nylon
靴下,くつした,socks
プラスチックの容器,ぷらすちっくのようき,plastic container
容器,ようき,container
綿のシャツ,めんのシャツ,cotton shirt
綿,めん,cotton
ウールのセーター,うーるのせーたー,wool sweater
ウール,うーる,wool
紐(ひも)で結ぶ,ひもでむすぶ,to tie with a string
紐(ひも),ひも,string
結ぶ,むすぶ,"to tie, bind"
木材,もくざい,"wood, lumber"
ナイフ,ないふ,knife
鋏(はさみ),はさみ,scissors
カッター,かったー,box cutter
セロハンテープ,せろはんてーぷ,cellophane tape
ガムテープ,がむてーぷ,packing tape
インク,いんく,ink
コピー用紙,こぴーようし,copy paper
用紙,ようし,"paper, form"
文房具(文具),ぶんぼうぐ,stationery
針で縫う,はりでぬう,to sew with a needle
針,はり,"needle, pin"
縫う,ぬう,"to sew, to stitch"
布,ぬの,cloth
布巾で拭く(ふきんでふく),ふきんでふく,to wipe with a cloth
布巾(ふきん),ふきん,cloth
箒(ほうき)で掃く,ほうきではく,to sweep with a broom
箒(ほうき),ほうき,broom
掃く,はく,to sweep 
塵取り(ちりとり),ちりとり,dustpan
雑巾(ぞうきん),ぞうきん,rag
スポンジ,すぽんじ,sponge
棒,ぼう,"pole, rod"
板,いた,board
包丁,ほうちょう,kitchen knife
俎板(まないた),まないた,cutting board
入れ物,いれもの,container
ケース,けーす,case
蓋(ふた),ふた,lid
カバー,かばー,cover
段ボール箱,だんぼーるばこ,cardboard box
ベルト,べると,belt
リモコン,れもこん,remote control
ボタン,ぼたん,button
スイッチ,すいっち,switch
電池,でんち,battery
アンテナ,あんてな,antenna
自然,しぜん,nature
人間,にんげん,humans
宇宙,うちゅう,"space, universe"
地球,ちきゅう,earth
太陽,たいよう,sun
波,なみ,wave
陸,りく,land
大陸,たいりく,continent
北極,ほっきょく,North Pole
南極,なんきょく,South Pole
森林,しんりん,forest
砂漠,さばく,desert
谷,たに,valley
気候,きこう,climate
温暖な気候,おんだんなきこう,"warm climate, mild weather"
温暖(な),おんだん,warm
温帯,おんたい,temperate zone
熱帯,ねったい,tropics
熱帯雨林,ねったいうりん,tropical rainforest
部屋の温度,へやのおんど,room temperature
7月の気温,しちがつのきおん,July temperatures
気温,きおん,temperature
湿度(が高い/低い),しつど,humidity
湿気(が多い/少ない),しっけ,moisture
蒸し暑い,むしあつい,muggy
湿る,しめる,to become damp
乾燥する,かんそうする,to become dry
天気予報,てんきよほう,weather forecast
異常気象,いじょうきしょう,abnormal weather
地球温暖化,ちきゅうおんだんか,global warming
自然現象,しぜんげんしょう,natural phenomena
朝日が昇る,あさひがのぼる,(morning) sun rises
朝日,あさひ,morning sun
昇る,のぼる,to rise (sun)
夕日が沈む,ゆうひがしずむ,(evening) sun sets
夕日,ゆうひ,"sunset, setting sun"
沈む,しずむ,"to sink, to feel depressed"
強い日差し,つよいひざし,intense sunshine
日差し,ひざし,sunlight
日に焼ける,ひにやける,to become tanned/sunburned
嵐,あらし,storm
夕立,ゆうだち,evening shower
雷が鳴る,かみなりがなる,to thunder
雷,かみなり,thunder
鳴る,なる,"to ring, to sound, echo, roar (thunder)"
虹,にじ,rainbow
空気,くうき,air
酸素,さんそ,oxygen
二酸化炭素,にさんかたんそ,carbon dioxide
地震,じしん,earthquake
台風,たいふう,typhoon
地震が起きる,じしんがおきる,earthquake occurs
震度,しんど,seismic intensity (on Japanese scale)
揺れる,ゆれる,to shake
雷が落ちる,かみなりがおちなる,lightning strikes
大雨,おおあめ,heavy rain
洪水,こうずい,flood
津波,つなみ,tsunami
火山が噴火する,かざんがふんかする,volcano erupts
停電,ていでん,blackout
被害が出る,ひがいがでる,damage occurs
被害,ひがい,damage
天然,てんねん,natural
人工,じんこう,"artificial, manmade"
生き物,いきもの,living things
動物,どうぶつ,animals
サル(猿),さる,monkey
クマ(熊),くま,bear
トラ(虎),とら,tiger
パンダ,ぱんだ,panda
ヒツジ(羊),ひつじ,sheep
群れ,むれ,"flock, herd"
ヤギ(山羊),やぎ,goat
ヘビ(蛇),へび,snake
ワニ(鰐),わに,"alligator, crocodile"
ペンギン,ペンギン,penguin
イルカ(海豚),いるか,"dolphin, porpoise"
クジラ(鯨),くじら,whale
カメ(亀),かめ,"turtle, tortoise"
サメ(鮫),さめ,shark
マグラ(鮪),まぐら,tuna
サケ(鮭),さけ,salmon
スズメ(雀),すずめ,sparrow
ハト(鳩),はと,"pigeon, dove"
カラス(鴉),からす,crow
ハエ(蝿),はえ,fly
蚊,か,mosquito
アリ(蟻),あり,ant
ハチ(蜂),はち,bee
しっぱ,しっぱ,tail
羽,はね,"feather, wing"
巣,す,nest
植物,しょくぶつ,plants
葉(葉っぱ),は(はっぱ),leaf
根,ね,root
芽が出る,めがでる,bud sprouts
芽,め,"bud, sprout"
花が咲く,はながさく,flower blooms
咲く,さく,to bloom
花が散る,はながちる,petals scatter
散る,ちる,"to scatter, to fall off (leaves of a tree)"
枯れる(草/花/木が),かれる,"to wither (grass, flower, tree, etc.)"
草,くさ,grass
枝が折れる,えだがおれる,branch breaks
枝を折る,えだをおる,to break the branch
枝,えだ,branch
折れる,おれる,"to break, to be broken"
折る,おる,"to break, to fold"
紅葉,こうよう,fall colors
落ち葉,おちば,fallen leaves
芝生を刈る,しばふをかる,to mow the loan
芝生,しばふ,"lawn, grass"
刈る,かる,"to mow(grass), harvest, to cut (hair)"
竹,たけ,bamboo
バラ(薔薇),ばら,rose
農業,のうぎょう,agriculture
田(田んぼ),た(たんぼ),rice paddy
稲を植える,いねをうえる,to plant rice
稲,いね,rice-plant
植える,うえる,"to plant, to grow"
田植え,たうえ,rice planting
稲を刈る,いねをかる,to reap rice
畑を耕す,はたけをたがやす,to plow a field
畑,はたけ,field
耕す,たがやす,"to plow, cultivate"
種をまく,たねをまく,to plant seeds
種,たね,seed
作物を収穫する,さくもつをしゅうかくする,to harvest crops
作物,さくもつ,crops
収穫する,しゅうかくする,to harvest
草が生える,くさがはえる,grass/weeds grow
雑草,ざっそう,weed
実がなる,みがなる,to bear fruit
毛皮,けがわ,fur
農薬,のうやく,agrochemical
体,からだ,body
健康,けんこう,health
身体,しんたい,body
全身,ぜんしん,whole body
頬(ほお/ほほ),ほお/ほほ,cheek
肘(ひじ),ひじ,elbow
手首,てくび,wrist
腰,こし,"lower back, hip"
(お)尻,おしり,"rear, buttocks"
膝(ひざ),ひざ,knee
脳,のう,brain
心臓,しんぞう,heart
胃,い,stomach
血液,けつえき,blood
血,ち,blood
筋肉,きんにく,muscle
骨を折る,ほねをおる,to break a bone
骨,ほね,bone
骨折する,こっせつする,to break a bone
肌,はだ,skin
呼吸する,こっきゅうする,to breathe
息をする,いきをする,to breathe
息を吸う,いきをすう,to inhale
息を吐く,いきをはく,to exhale
消化する,しょうかする,to digest
体重を量る,たいじゅうをはかる,to weigh
体重,たいじゅう,body weight
体温を測る,たいおんをはかる,to measure body temperature
体温,たいおん,body temperature
体調,たいちょう,physical condition
ストレス,すとれす,stress
体がだるい,からだがだるい,to feel listless (sluggish/languid)
熱が出る,ねつがでる,to have a fever
汗をかく,あせをかく,to sweat
咳(をする),せき(をする),to cough
傷が痛い,きずがいたい,wound hurts
痛み,いたみ,pain
頭痛,ずつう,headache
腹痛,ふくつう,stomachache
(目眩)めまい,めまい,dizziness
吐く,はく,to vomit
吐き気がする,はきけがする,to feel nauseous
虫歯,むしば,cavity
診察する,しんさつする,to examine (a patient)
診る,みる,to examine (a patient)
検査する,けんさする,"to examine, to test"
治療する,ちりょうする,"to treat, to give treatment"
手術する,しゅじゅつする,to perform surgery
看病する,かんびょうする,to nurse
予防する,よぼうする,to prevent
うがい(をする),うがい(をする),gargling
マスク(をする),ますく(をする),gauze/surgical mask
風邪(かぜ)のウイルス,かぜのういるす,cold virus
ワクチン,わくちん,vaccine
注射(をする),ちゅうしゃ(をする),"shot, injection"
効く,きく,to be effective
精神,せいしん,"mind, psyche"
精神的なストレス,せいしんてきなすとれす,emotional/mental stress
睡眠,すいみん,sleep
栄養,えいよう,nutrition
ビタミン,びたみん,vitamin
水分,すいぶん,"water, liquids"
休養,きゅうよう,rest
ダイエット,だいえっと,diet
気持ち,きもち,feelings
気持ちを込める,きもちをこめる,putting feeling into it
心を込める,こころをこめる,to put one's self into it
気分がいい,きぶんがいい,to feel good
気分が悪い,きぶんがわるい,to feel bad/sick
プラスの気持ち,ぷらすのきもち,positive feelings
安心する,あんしんする,to feel at ease
ほっとする,ほっとする,to feel relieved
満足する,まんぞくする,to be satisfied
わくわくする,わくわくする,to be excited
感動する,かんどうする,to be moved
幸せ(な),しあわせ(な),happy
笑顔,えがお,smile
マイナスの気持ち,まいなすのきもち,negative feeling
辛い(つらい),つらい,"painful, bitter"
悔しい,くやしい,"vexing, regrettable"
不安,ふあん,anxiety
不満,ふまん,displeasure
腹が立つ,はらがたつ,to become angry
がっかりする,がっかりする,to be disappointed
いらいらする,いらいらする,to be irritated
溜息をつく,ためいきをつく,to sigh
溜息が出る,ためいきがでる,to let out a sigh
仕事で悩む,しごとでなやむ,to be troubled by work
悩む,なやむ,"worry, trouble"
人前で緊張する,ひとまえできんちょうする,to feel nervous in front of others
どきどきする,どきどきする,"heart beats fast, to feel nervous"
落ち着く,おちつく,to calm down
(羨ましい)うらやましい,うらやましい,envious (adj)
懐かしい(なつかしい),なつかしい,"good old, nostalgic"
平気,へいき,"nonchalant, indifferent"
期待する,きたいする,"to expect, to count on"
惜しい,おしい,to be a shame
涙,なみだ,tears
学校,がっこう,school
科目,かもく,subjects
時間割,じかんわり,schedule
数学,すうがく,math
理科,りか,science
観察する,かんさつする,to observe
実験する,じっけんする,to experiment
歴史,れきし,history
地理,ちり,geography
物理(学),ぶつり(がく),physics
化学,かがく,chemistry
文法,ぶんぽう,literature
初級,しょきゅう,elementary
中級,ちゅうきゅう,intermediate
上級,じょうきゅう,advanced
作文,さくぶん,composition
基礎,きそ,fundamentals
知識,ちしき,knowledge
知識を身に付ける,ちしきをみにつける,to acquire knowledge
身に付ける,みにつける,to acquire
得意な科目,とくいなかもく,one's strong subject
苦手な分野,にがてなぶんや,one's weak area
苦手,にがて,weak
分野,ぶんや,"area, field"
学習,がくしゅう,learning
学習する,がくしゅうする,to learn
学ぶ,まなぶ,to learn
暗記する,あんきする,to memorize
自習する,じしゅうする,to study by oneself
試験,しけん,"test, exam"
問題を解く,もんだいをとく,to solve a problem
問題,もんだい,problem
解く,とく,"to solve, to answer"
解答用紙,かいとうようし,answer sheet
正解,せいかい,correct answer
解答,かいとう,one's answer
点,てん,points
点数,てんすう,points
満点を取る,まんてんをとる,to get a perfect score
点が伸びる,てんがのびる,one's score improve
成績を付ける,せいせきをつける,to grade
成績,せいせき,"performance, grade, record"
カンニング(をする),かんにんぐ(をする),cheating
使うもの,つかうもの,things used
電子辞書,でんしじしょ,electronic dictionary
参考書,さんこうしょ,reference book
黒板,こくばん,blackboard
ホワイトボード,ほわいとぼーど,white board
プリント,ぷりんと,handout
学校行事,がっこうぎょうじ,school events
遠足,えんそく,field trip
運動会,うんどうかい,athletic meet/festival
コンクール,こんくーる,contest
コンテスト,こんてすと,contest
同窓会,どうそうかい,class reunion
同級生,どうきゅうせい,classmate
クラスメート,くらすめーと,classmate
塾,じゅく,"cram school, after-school lessons"
受験する,じゅけんする,to take an exam
居眠りする,いねむりする,to doze off
授業をサボる,じゅぎょうをさぼる,to skip class
大学,だいがく,university
受験する,じゅけんする,to take an (entrance) exam
大学を受ける,だいがくをうける,to take a university's entrance exam
入試,にゅうし,entrance exam
入学試験,にゅうがくしけん,entrance exam
大学に進学する,だいがくにしんがくする,to go on to college
大学院に進む,だいがくいんにすすむ,to go on to graduate school
推薦する,すいせんする,to recommend
推薦状,すいせんじょう,letter of recommendation
教授,きょうじゅ,professor
講師,こうし,lecturer
指導する,しどうする,"to guide, to mentor"
指導,しどう,"guidance, coaching (指導者 - leader, 指導力 - leadership)"
アドバイス(をする),あどばいす(をする),advice
授業料,じゅぎょうりょう,tuition
学費,がくひ,tuition
奨学金,しょうがくきん,scholarship
休学する,きゅうがくする,to take a leave of absence from school
国立大学,こくりつだいがく,national university
私立大学,しりつだいがく,private university
私立,しりつ,private
分野,ぶんや,"disciplines (can also mean ""field"" or ""area"" depending on how it is used, but usually means the latter)"
経済学,けいざいがく,economics
文学,ぶんがく,literature
教育学,きょういくがく,pedagogy
医学,いがく,medicine
法律を専攻する,ほうりつをせんこうする,to major in law
専攻する,せんこうする,to major
学部,がくぶ,department
授業,じゅぎょう,classes
専門,せんもん,specialty
専門知識,せんもんちしき,"specialized knowledge, expertise"
前期,ぜんき,first semester
後期,こうき,second semester
学期,がっき,semester
講義,こうぎ,"lecture, lecture course"
休講,きゅうこう,cancellation of lecture/class
提出する,ていしゅつする,to submit
締め切り,しめきり,deadline
期限,きげん,deadline
徹夜する,てつやする,to stay up all night
評価する,ひょうかする,"to evaluate, to grade"
単位を取る,たんいをとる,to earn credits
単位を落とす,たんいをおとす,to fail a course
ゼミ,ぜみ,seminar
研究,けんきゅう,research
研究する,けんきゅうする,to research
調査する,ちょうさする,to investigate
発表する,はっぴょうする,to present
報告する,ほうこくする,to report
論文,ろんぶん,"paper, thesis"
下書きする,したがきする,to write a draft
資料,しりょう,"(information) resources, materials"
参考にする,さんこうにする,to refer to
引用する,いんようする,"to cite, to quote"
文章,ぶんしょう,text
テーマ,てーま,"theme, topic"
仕事,しごと,work
職業,しょくぎょう,occupation
教師,きょうし,"teacher, instructor"
医師,いし,doctor
看護し,かんごし,nurse
エンジニア,えんじにあ,engineer
通訳,つうやく,interpreter
運転者,うんてんしゃ,driver
俳優,はいゆう,actor
女優,じょゆう,actress
スポーツ選手,すぽーつせんしゅ,"athlete, sports player"
作家,さっか,"author, writer"
公務員,こうむいん,civil servant
OL,OL,female office worker
正社員,せいしゃいん,permanent/full-time employee
パート,ぱーと,part-time worker
アルバイト(バイト),あるばいと(ばいと),part-time job
フリーター,ふりーたー,job-hopping part-time worker
主婦,しゅふ,homemaker
仕事の種類,しごとのしゅるい,types of work
事務,じむ,clerical work
営業,えいぎょう,"sales, business"
翻訳,ほんやく,translation
就職,しゅうしょく,finding a job
退職,たいしょく,leaving a job
仕事を探す,しごとをさがす,to search for a job
就職する,しゅうしょくする,to get a job
入社する,にゅうしゃする,to join a company
退職する,たいしょくする,"to retire, to resign"
雇う,やとう,to employ
会社を辞める,かいしゃをやめる,to leave a company
募集する,ぼしゅうする,to recruit
応募する,おうぼする,to apply
面接,めんせつ,interview
履歴書,りれきしょ,resume
資格,しかく,qualifications
給料,きゅうりょう,salary
時給,じきゅう,hourly wages
ボーナス,ぼーなす,bonus
交通費,こうつうひ,traveling expenses
仕事をする,しごとをする,working
打ち合わせ,うちあわせ,meeting
ミーティング,みーてぃんぐ,meeting
休憩する,きゅうけいする,to take a break
勤務する,きんむする,to work
勤める,つとめる,to work
通勤する,つうきんする,to commute
担当する,たんとうする,"to handle, to be in charge of"
残業する,ざんぎょうする,to work overtime
経営する,けいえいする,to manage (a business)
稼ぐ(かせぐ),かせぐ,to earn (money)
職場,しょくば,workplace
上司,じょうし,boss
部下,ぶか,subordinate
責任,せきにん,responsibility
ビジネス,びじねす,business
名刺,めいし,calling card
オフィス,おふぃす,office
スタッフ,すたっふ,staff
パソコン,ぱそこん,computer
ネット,ねっと,internet
ノートパソコン,のーとぱそこん,laptop computer
画面,がめん,screen
キーボード,きーぼーど,keyboard
キーを打つ,きーをうつ,to press a key
マウス,まうす,mouse
プリンター,ぷりんたー,printer
ケーブル,けーぶる,cable
ファイル,ふぁいる,file
フォルダ,ふぉるだ,folder
印刷する,いんさつする,to print
プリントする,ぷりんとする,to print
パスワード,ぱすわーど,password
インタネット,いんたねっと,internet
メール,めーる,e-mail
ネットに繋ぐ(つなぐ),ねっとにつなぐ,to connect/be connected to the internet
ネットに繋がる(つながる),ねっとにつながる,to connect/be connected to the internet
ホームページにアクセスする,ほーむぺーじにあくせすする,to access a website/homepage
(ウェブ)サイト,(うぇぶ)さいと,website
検索する,けんさくする,to search
クリックする,くりっくする,to click
ソフト(ウェア),そふとうぇあ,software
ダウンロードする,だうんろーどする,to download
ブログを書く,ぶろぐをかく,to write/keep a blog
メールアドレス,めーるあどれす,e-mail address
写真を添付する,しゃしんをてんぷする,to attach photos
ウイルス,ういるす,virus
データ,でーた,data
保存する,ほぞんする,to save
削除する,さくじょする,to delete
入力する,にゅうりょくする,to enter
メールの表現,めーるのひょうげん,e-mail expressions
メールを受信する,めーるをじゅしんする,to receive e-mail
メールを送信する,めーるをそうしんする,to send e-mail
メールを返信する,めーるをへんしんする,to reply to e-mail
メールを転送する,めーるをてんそうする,to forward e-mail
相手との関係,あいてとのかんけい,relations with others
相手,あいて,counterpart
関係,かんけい,"relationship, relation, connection"
電話の相手,でんわのあいて,other person in a phone conversation
自分の部屋,じぶんのへや,one's (own) room
自分でやる,じぶんでやる,to do on one's room
上司,じょうし,boss
部下,ぶか,subordinate
先輩,せんぱい,senior
後輩,こうはい,junior
新人,しんじん,"newcomer, rookie"
目上の人,めうえのひと,superior
年上,としうえ,older
年下,としした,younger
同い年,おないどし,same age
私の彼,わたしのかれ,my boyfriend
僕の彼女,ぼくのかのじょ,my girlfriend
仲,なか,relationship
仲がいい,なかがいい,to get along with
仲が悪い,なかがわるい,not get along with
仲良し,なかよし,friend
親友,しんゆう,close friend
仲間,なかま,"buddy, colleague, comrade"
ライバル,らいばる,rival
～同士,～どうし,fellow ~
女同士,おんなどうし,fellow women
仲間同士,なかまどうし,fellow comrades
一緒に,いっしょに,together
別々に,べつべつに,separately
グループ,ぐるーぷ,groups
集まり,あつまり,"group, gathering"
集団,しゅうだん,"group, mass"
団体,だんたい,"organization, association, group"
個人,こじん,individual
メンバー,めんばー,member
会員,かいいん,member
入会する,にゅうかいする,to join a group/association
リーダー,りーだー,leader
女性,じょせい,women
婦人向けの雑誌,ふじんむけのざっし,magazine for women
婦人向け,ふじんむけ,for women
社長のお嬢さん,しゃちょうのおじょうさん,the president's daughter
社長,しゃちょう,president
お嬢さん,おじょうさん,daughter (superior/polite)
男性,だんせい,men
紳士用の服,しんしようのふく,clothes for men
紳士用,しんしよう,for men
交流する,こうりゅうする,to interact
外見,がいけん,appearance
見た目,みため,appearance
かっこいい,かっこいい,cool (from 格好がいい)
美人,びじん,beautiful woman
スタイルがいい,すたいるがいい,nicely figured
スマート(な),すまーと(な),slim
幼い,おさない,"young, childlike"
お洒落(な)(おしゃれ),おしゃれ(な),stylish
性格,せいかく,personality
陽気(な),ようき(な),cheerful
明るい,あかるい,cheerful
真面目(な),まじま(な),serious
不真面目(な),ふまじめ(な),"frivolous, lazy"
正直(な),しょうじき(な),honest
素直(な),すなお(な),"docile, meek"
純粋(な),じゅんすい(な),pure
乱暴(な),らんぼう(な),violent
優しい,やさしい,"kind, gentle"
落ち着いた,おちついた,calm
大人しい,おとなしい,"quiet, well-behaved"
おもしろい(面白い),おもしろい,"interesting, funny"
のんき(暢気/呑気)(な),のんき(な),"easygoing, laid-back"
けち(な),けち(な),stingy
わがまま(我が儘),わがまま,selfish
能力,のうりょく,ability
賢い,かしこい,"clever, wise"
利口(な),りこう(な),smart
器用(な),きよう(な),dexterous
行動,こうどう,behavior
態度,たいど,attitude
熱心な活動,ねっしんなかつどう,zealous activity
熱心,ねっしん,"enthusiasm, zeal"
真剣な態度,しんけんなたいど,serious attitude
真剣,しんけん,"serious, earnest"
冷たい反応,つめたいはんのう,cold reaction
反応,はんのう,"reaction, response"
慎重な行動,しんちょうなこうどう,cautious action
慎重,しんちょう,"cautious, discretion, prudence"
不親切な対応,ふしんせつなたいおう,unfriendly response/treatment
不親切,ふしんせつ,unkind
対応,たいおう,"response, support, interaction"
礼儀正しい,れいぎただしい,courteous
失礼(な),しつれい(な),rude
行儀がいい,ぎょうぎがいい,"well-behaved, well-mannered"
行儀,ぎょうぎ,manners
きちんとした服,きちんとしたふく,proper attire
勝手(な),かって(な),"headstrong, self-serving, selfishness, smb.'s own way"
積極的(な),せっきょくてき(な),"active, outgoing"
消極的(な),しょうきょくてき(な),passive
印象,いんしょう,impression
評価,ひょうか,appraisal
厳しい,きびしい,"stern, demanding"
怖い,こわい,scary
甘い(人が),あまい,gentle
偉い,えらい,"great, admirable"
平凡(な),へいぼん(な),ordinary
(馬鹿)ばかな発言,ばかなはつげん,stupid remark
(馬鹿)ばか,ばか,"stupid, fool"
発言,はつげん,"remark, speech, proposal"
タイプ,たいぷ,type
天才,てんさい,genius
子供っぽい,こどもっぽい,childish
飽きっぽい,あきっぽい,easily bored
～っぽい,～っぽい,~ ish (ex. child-ish)
ユーモアのある,ゆーもあのある,"humorous, funny"
勇気のある,ゆうきのある,brave
魅力のある,みりょくのある,charming
様子,ようす,appearance
状態,じょうたい,"state, condition"
基本的な知識,きほんてきなちしき,basic knowledge
基本的(な),きほんてき(な),basic
重要な資料,じゅうようなしりょう,important data/materials
重要,じゅうよう,important
正確な情報,せいかくなじょうほう,accurate information
正確,せいかく,accurate
完全なデータ,かんぜんなでーた,complete data
完全,かんぜん,complete
様々な料理,さまざまなりょうり,various dishes
豊かな自然,ゆたかなしぜん,abundant nature
豊か,ゆたか,"rich, abundant"
自然,しぜん,nature
貧しい家庭,まずしいかてい,poor family
貧しい,まずしい,poor
親しい関係,したしかんけい,close relations
親しい,したしい,"close, intimate"
詳しい地図,くわしいちず,detailed map
詳しい,くわしい,detailed
地図,ちず,map
曖昧(あいまい)な返事,あいまいなへんじ,ambiguous reply
曖昧,あいまい,"ambiguous, vague"
激しい雨,はげしいあめ,torrential rain
激しい,はげしい,"severe, intense, violent"
夢中で読む,むちゅうでよむ,to read avidly
夢中,むちゅう,"ecstasy, daze, focuses (on)"
高価な品物,こうかなしなもの,expensive item
高価,こうか,expensive
品物,しなもの,"item, goods"
無駄な努力,むだなどりょく,futile effort
無駄,むだ,"waste, uselesness"
努力,どりょく,effort
国際的な会議,こくさいてきなかいぎ,international conference
国際的,こくさいてき,international
可能な計画,かのうなけいかく,feasible plan
可能,かのう,"possible, feasible"
計画,けいかく,plan
不可能(な),ふかのう(な),impossible
形,かたち,shape
平らな場所,たいらなばしょ,flat place
平ら,たいら,"flat, level, plain"
険しい山道,けわしいやまみち,rugged mountain path
険しい,けわしい,"steep, inaccessible"
山道,やまみち,mountain road/trail
鋭いナイフ,するどいないふ,sharp knife
鋭い,するどい,sharp
退屈な話,たいくつなはなし,boring/tedious talk
退屈,たいくつ,boring
面倒な仕事,めんどうなしごと,troublesome job
面倒,めんどう,troublesome
感覚,かんかく,"senation, feeling"
背中が痒い,せなかがかゆい,back is itchy
背中,せなか,back
痒い,かゆい,itchy
息が臭い,いきがくさい,breath stinks
息,いき,breath
臭い,くさい,stinking
光まぶしい(眩しい),ひかりまぶしい,light is blinding
光,ひかり,"light, shine"
まぶしい(眩しい),まぶしい,"blinding, glaring, radiant"
蒸し暑い夜,むしあついよる,muggy night
楽な仕事,らくなしごと,easy job
楽,らく,"ease, comfort"
いつ,いつ,when?
後で電話する,あとででんわする,to phone later
いつか結婚する,いつかけっこんする,to get married sometime
まず基本を覚える,まずきほんをおぼえる,to learn the basics first
まず,まず,first ~
基本,きほん,basic
覚える,おぼえる,"learn, memorize, remember"
そろそろ帰る,そろそろかえる,to be going home soon
行き成り(いきなり)頼む,いきなりたのむ,to request unexpectedly
行き成り,いきなり,"unexpectedly, abruptly, suddenly"
頼む,たのむ,"request, favor"
突然現れる,とつぜんあらわれる,to appear suddenly
突然,とつぜん,"sudden, abrupt"
現れる,あらわれる,"to appear, to become visible"
ずっと待つ,ずっとまつ,to keep waiting
(暫く)しばらく休む,しばらくやすむ,to rest/take off work for a while
(暫く)しばらく,しばらく,for a while
あっという間に,あっというまに,in a flash
いつの間にか,いつのまにか,before noticing it
本当に,ほんとうに,really
自由に選ぶ,じゆうにえらぶ,to choose freely
正確に書く,せいかくにかく,to write accurately
具体的に言う,ぐたいてきにいう,to say specifically
具体的,ぐたいてき,"specific, definite, concrete"
やっと会えた,やっとあえた,met at last
とうとう壊れた,とうとうこわれた,finally broke
とうとう,とうとう,"finally, at last"
ついに完成した,ついにかんせした,was completed at last
ついに,ついに,"at last, finally"
なるべく早く,なるべくはやく,as soon as possible
やはり(やっぱり)負けた,やはりまけた,lost as I expected
(矢張り/矢っ張り)やはり,やはり,as I thought/expected
負けた,まけた,lost
意外に軽い,いがいにかるい,surprisingly light
意外,いがい,"surprising, unexpected"
軽い,かるい,light
(兎に角)とにかく急ぐ,とにかくいそぐ,just hurry
(兎に角)とにかく,とにかく,"anyway, at any rate, anyhow"
是非(ぜひ)会いたい,ぜひあいたい,really want to meet
是非(ぜひ),ぜひ,"by all means, certainly"
どのように,どのように,in what way?
どんな気持ち/考え,どんなきもち/かんがえ,what kind of feeling/thought?
勿論(もちろん)OK,もちろんOK,of course it's okay
勿論(もちろん),もちろん,"of course, naturally, certainly"
態と(わざと)負ける,わざとまける,to lose on purpose
態と(わざと),わざと,"on purpose, intentionally"
きっと会える,きっとあえる,will definitely meet
きっと,きっと,"definitely, surely"
実は優しい,じつはやさしい,really friendly
実は易しい,じつはやさしい,is easy actually
確か(たしか)独身,たしかどくしん,"is single, I believe"
どの程度,どのていど,to what extent?
程度,ていど,"extent, degree"
(可也)かなり安い,かなりやすい,pretty cheap
(可也)かなり,かなり,"considerably, quite"
随分(ずいぶん)古い,ずいぶんふるい,very old
随分(ずいぶん),ずいぶん,"very, extremely"
物凄く(ものすごく)痛い,ものすごくいたい,incredibly painful
物凄く(ものすごく),ものすごく,"extermely, tremendously"
大分(だいぶ)上達した,だいぶじょうたつした,improved substantially
上達,じょうたつ,"improvement, progress"
結構好き,けっこうすき,to like it a bit
まあまあ美味しい(おいしい),まあまあおいしい,to taste so-so
たまに会う,たまにあう,to meet occasionally
大抵(たいてい)断る,たいていことわる,to turn down usually
大抵(たいてい),たいてい,"usually, often"
断る,ことわる,"to decline, refuse"
少しずつ食べる,すこしずつたべる,to eat little by little
一度にたくさん,いちどにたくさん,lots at one time
いっぺんに運ぶ,いっぺんにはこぶ,carry all at once
いっぺんに,いっぺんに,all at once
普段(は)静か,ふだん(は)しずか,is normally quiet
普段,ふだん,"normally, usually, habitually"
静か,しずか,"quiet, silent"
普通(は)行かない,ふつう(は)いかない,don't go usually
普通,ふつう,"normal, usually"
結局やめる,けっきょくやめる,to quit in the end
結局,けっきょく,"eventually, after all"
位置,いち,position
方向,ほうこう,direction
表,おもて,front
裏,うら,back
中央,ちゅうおう,center
道路の端,どうろのはし,road edge/shoulder
部屋の隅,へやのすみ,room corner
隅,すみ,corner
端,はし,"edge, end"
奥,おく,"back, inner, depth"
底,そこ,bottom
正面,しょうめん,front
向かいの家,むかいのいえ,house opposite
向かい,むかい,"opposite, across the street"
斜め,ななめ,"catercorner, diagonal"
隣の席,となりのせき,seat next to
手前,てまえ,"before, this side of"
隣,となり,beside
先,さき,"ahead, beyond"
辺り,あたり,vicinity
～側,～がわ,~ side
公園の周り,こうえんのまわり,around the park
周り,まわり,"surroundings, around, circumference"
周辺の環境,しゅうへんのかんきょう,surrounding environment
周辺,しゅうへん,"surrounding, outskirsts"
同じ方向,おなじほうこう,same direction
逆の方向,ぎゃくのほうこう,opposite direction
逆,ぎゃく,opposite
擬音語,ぎおんご,onomatopoeia
擬態語,ぎたいご,mimatic expression
音,おと,sound
ざあざあ,ざあざあ,"to rain hard, sound of rain"
雨がざあざあ降っていて,あめがざあざあふっていて,it was raining cats and dogs
ぱらぱら,ぱらぱら,sprinkling (not so hard rain)
ぱらぱら降っている,ぱらぱらふっている,it's sprinkling (the rain)
わいわい,わいわい,"lively, noisily, clamorously"
皆でわいわいバーベキューをするのも、楽しそうだね,みんなでわいわいばーべきゅーをするのも、たのしそうだね,It would also be fun to get everyone together for a rousing barbecue
笑う,わらう,smile
にこにこ,にこにこ,smiling
にこにこしている,にこにこしている,always smiling
にっこり,にっこり,smile
にっこり笑う,にっこりわらう,"beamed, smiled sweetly"
見る,みる,look
じっと,じっと,"stare, fixedly, patiently, quietly"
じっとこっちを見ている,じっとこっちをみている,staring at here
じろじろ,じろじろ,look with amazement/curiousity
じろじろ見ないで,じろじろみないで,stop gawking/staring.
話す,はなす,talk
ぶつぶつ,ぶつぶつ,"grumbling, complaining in a small voice"
ひそひそ,ひそひそ,whisperingly
ぺらぺら,ぺらぺら,fluent
正しく,ただしく,right
よく,よく,well
しっかり,しっかり,"tightly, well"
ドアをしっかり閉めて,どあをしっかりしめて,close the door tightly
しっかり食べて,しっかりたべて,eat well
きちんと,きちんと,"neatly, nicely"
きちんと片付いて,きちんとかたづいて,keep it tidy
ちゃんと,ちゃんと,"fine, properly"
ちゃんと返さないと,ちゃんとかいさないと,make sure to return it
うっかり,うっかり,"carelessly, negligently, inadvertently"
うっかり忘れた,うっかりわすれた,completely forgot
変化,へんか,change
ますます,ますます,increasingly
楽しい気持ち,たのしいきもち,pleasant feelings
生き生きする,いきいきする,lively
彼は今日生き生きしている,かれはきょういきいきしている,He is lively today.
わくわくする,わくわくする,to be excited
いやな気持ち,いやなきもち,unpleasnt feelings
いらいらする,いらいらする,to be irritated
バスが来なくて、いらいらした,ばすがこなくて、いらいらした,I got irritated because the bus didn't arrive.
むっとする,むっとする,to be annoyed
失礼なことを言われて、むっとした,しつれいなことをいわれて、むっとｓて,I got annoyed when being told something rude.
うんざりする,うんざりする,"to get tired of, to get bored of, to be sick of"
毎日残業でうんざりしている,まいにちざんぎょうでうんざりしている,I'm sick of working overtime everyday.
むかむかする,むかむかする,"sick (ex. stomach), queasy"
胃がむかむかする,いがむかむかする,I have an upset stomach.
どきどきする,どきどきする,to feel nervous
人前でどきどきする,ひとまえでどきどきする,I feel nervous in public (in front of people)
ほっとする,ほっとする,to be relieved
それを聞いてほっとした,それをきいてほっとした,I felt relieved when I heard that.
すっきりする,すっきりする,"to feel refreshed, to feel better"
シャワーを浴びてすっきりした,しゃわーをあびてすっきりした,I felt refreshed after taking a shower.
のんびり,のんびり,"relax, carefree, at leisure"
少しのんびりしたほうがいいよ,すこしのんびりしたほうがいいよ,It’s better to relax a bit.
状態,じょうたい,condition
程度,ていど,"degree, extent"
そっと,そっと,"gently, softly, lightly"
さっさと,さっさと,quickly
ざっと,ざっと,"roughly, breifly"
じっくり,じっくり,carefully
ぐっすり,ぐっすり,tight (ex. sleeping tightly)
ぎりぎり,ぎりぎり,"barely, at the last moment"
そっくり,そっくり,"splitting image (n), entirely, altogether (adv)"
物の状態,もののじょうたい,condition of things
ぴかぴか,ぴかぴか,sparkle (n) (ex. Sparklig new)
ごちゃごちゃ,ごちゃごちゃ,"jumble, in confusion/disorder (n) (add する to use as verb)"
中古,ちゅうこ,secondhand
ぼろぼろ,ぼろぼろ,"tattered, crumbling, worn-out"
ばらばら,ばらばら,"scattered, jumbled"
ぴったり,ぴったり,"exactly, just right"
びしょびしょ,びしょびしょ,"wet through, soaked"
たっぷり,たっぷり,"in plenty, a lot"
複合動詞,ふくごうどうし,compound verbs
知り合う,しりあう,to get to know one another
話し合う,はなしあう,to discuss together
互いに助け合う,たがいにたすけあう,to help one another
互いに,たがいに,"together, mutually"
抱き合う,だきあう,to hug (each other)
ベッドから起き上がる,べっどからおきあがる,to get out of bed
起き上がる,おきあがる,"to rise, to get up"
テーマに取り上げる,てーまにとりあげる,to take up as a theme
取り上げる,とりあげる,"pick up, take up"
箱を持ち上げる,はこをもちあげる,to pick up a box
箱,はこ,box
持ち上げる,もちあげる,"lift, raise up"
論文を書き上げる,ろんぶんをかきあげる,to finish writing a paper
作品を生み出す,さくひんをうみだす,to create a work
生み出す,うみだす,"produce, create"
箱から取り出す,はこからとりだす,to take out of a box
取り出す,とりだす,"take out, retrieve"
呼び出す(人を),よびだす(ひとを),to summon
部屋から追い出す,へやからおいだす,to chase/kick out of a room
追い出す,おいだす,"to expel, drive out"
急に泣き出す,きゅうになきだす,to start crying suddenly
走り出す,はしりだす,to start running
降り出す(雨が),ふりだす(あめが),to start falling/raining
書き直す,かきなおす,to rewrite
答えを見直す,こたえをみなおす,to look over answers again
かけ直す(電話を),かけなおす,to call again
考え直す,かんがえなおす,to rethink
作り直す,つくりなおす,to remake
着替える,きたえる,to change clothes
電池を取り替える,でんちをとりかえる,to replace batteries
取り替える,とりかえる,"to replace, exchange"
入れ替える,いれかえる,"to replace, to substitute"
申し込む,もうしこむ,to apply
申込書,もうしこみしょ,application form
用紙に書き込む,ようしにかきこむ,to fill out the form
書き込む,かきこむ,to fill out
荷物を押し込む,にもつをおしこむ,to stuff one's belongings
押し込む,おしこむ,"tuck, push into, crowd into"
全部食べきる,ぜんぶたべきる,to eat it all
使い切る,つかいきる,to use up
数え切れない,かぞえきれない,to be uncountable
食べ始める,たべはじめる,to start eating
習い始める,ならいはじめる,to start learning
咲き始める,さきはじめる,to start blossoming
食べ過ぎる,たべすぎる,to eat too much
忙しすぎる,いそがしすぎる,to be too busy
遅すぎる,おそすぎる,"to be too late, to be too slow"
若過ぎる(若すぎる),わかすぎる,to be too young
通りかかる,とおりかかる,to pass/walk by
あの店を通りかかった時、いい匂いがした。,あのみせをとおりかかったとき、いいにおいがした。,I came across a pleasant aroma as I passed that store.
通り過ぎる,とおりすぎる,to go past
そのバス停はさっき通り過ぎた,そのばすていはさっきとおりすぎた,We just passed that bus stop.
駅まで友達を見送る,えきまでともだちをみおくる,to see a friend off at a train station
見送る,みおくる,"to see off, wait and see"
駅で友達を見かける,えきでともだちをみかける,to happen to see a friend at a train
見かける,みかける,"to see, notice"
空を見上げる,そらをみあげる,to look up at the sky
見上げる,みあげる,to look up
海を見下ろす,うみをみおろす,to look down at the sea
見下ろす,みおろす,to look down on
誤りを見落とす,あやまりをみおとす,to fail to notice a mistake
誤り,あやまり,"mistake, error"
見落とす,みおとす,"to fail to notice, overlook"
立ち上がる,たちあがる,to stand up
立ち上がって、歩いてみてください,たちあがって、あるいてください,stand up and try to walk around
立ち止まる,たちどまる,to stop
立ち止まって、空を見上げた,たちどまって、そらをみあげた,I stopped and looked up at the sky
電池を取り替える,でんちをとりかえる,to replace batteries
予約を取り消す,よやくをとりけす,to cancel a reservation
アイデアを取り入れる,あいであをとりいれる,to adopt an idea
取り入れる,とりいれる,"adopt, to take in"
アンテナを取り付ける,あんてなをとりつける,to install an antenna
取り付ける,とりつける,"install, attach"
出会うきっかけ,であうきっかけ,oppurtunity to meet
きっかけ(切っ掛け),きっかけ,chance
出会いの場所,であいのばしょ,meeting place
大勢で出迎える,おおぜいででむかえる,to greet in a large group
出迎えに来る,でむかえにくる,came to meet up
聞き返す,ききかえす,to ask again
会話を聞き取る,かいわをききとる,to follow a conversation
聞き取る,ききとる,"understand, catch, follow"
言い忘れる,いいわすれる,to forget to say
何か言い忘れた気がした,なにかいいわすれたきがした,I think I forgot to say something
書き間違える,かきまちがえる,to write incorrectly
読み終わる,よみおわる,to finish reading
話しかける,はなしかける,"to address, to talk to"
前の車を追い越す,あえのくるまをおいこす,to pass the car in front
追い越す,おいこす,"overtake, pass"
もう少しで追いつく,もうすこしおいつく,to catch up in a little but
追いつく(追い付く),おいつく,"to catch up, overtake"
会場を歩き回る,かいじょうをあるきまわる,to walk around the avenue
会場,かいじょう,"venue, meeting place"
歩き回る,あるきまわる,"walk around, walk about"
仕事を引き受ける,しごとをひきうける,to take on a job
引き受ける,ひきうける,"take, undertake, take over,  be responsible"
基本動詞,きほんどうし,basic verbs
出る,でる,going out
出す,だす,putting out
授業に出る,じゅぎょうにでる,to go to class
大通りに出る,おおどおりにでる,to come to a big street
大学を出る,だいがくをでる,to graduate from college
給料が出る,きゅうりょうがでる,salary is paid
デザートが出る,でざーとがでる,dessert is served
熱が出る,ねつがでる,to have a fever
人気が出る,にんきがでる,to become popular
声を出す,こえをだす,to vocalize
宿題を出す,しゅくだいをだす,to assign homework
入れる,いれる,putting in
電源を入れる,でんげんをいれる,to switch on (the power)
電源,でんげん,"power, source of electricity"
予定を入れる,よていをいれる,to schedule
とる,とる,taking
お箸(はし)を取る,おはしをとる,to pick up chopsticks
～点を取る,～てんをとる,to score __ points
メモ?ノートをとる,めも?のーとをとる,to take a memo/notes
コピーをとる,こぴーをとる,to make copies
睡眠をとる,すいみんをとる,to sleep
許可を取る,きょかをとる,to get permission
予約を取る,よやくをとる,to reserve
出席をとる,しゅっせきをとる,to check attendance
連絡をとる,れんらくをとる,to contact
年をとる,としをとる,to age
かける,かける,putting on
鍵をかける,かぎをかける,to lock
カバーをかける,かばーをかける,to put a cover on
醤油(しょうゆ)をかける,しょうゆをかける,to sprinkle soy sauce on
掃除機をかける,そうじきをかける,to vacuum
音楽をかける,おんがくをかける,to put on music
電話をかける,でんわをかける,to phone
心配をかける,しんぱいをかける,to cause worry
迷惑をかける,めいわくをかける,to cause trouble
声をかける,こえをかける,"to hail, to contact"
ハンガーにかける,がんがーにかける,to put on a hanger
つく,つく,sticking
つける,つける,attaching
汚れがつく,よごれがつく,to become soiled (dirty)
傷がつく,きずがつく,to be cut/wounded
デザートがつく,でざーとがつく,to include dessert
連絡がつく,れんらくがつく,contact is made
都合がつく,つごうがつく,to suit one's schedule/convenience
都合,つごう,"convenience, circumstances, condition"
飾りをつける,かざりをつける,to decorate
火をつける,ひをつける,to light (a flame)
電気をつける,でんきをつける,to switch on (the light)
名前をつける,なまえをつける,to name
身につける(着ける),みにつける,to wear
立つ,たつ,standing
立てる,たてる,putting up
席を立つ,せきをたつ,to leave one's seat
看板を立てる,かんばんをたてる,to put up a sign
計画を立てる,けいかくをたてる,to form a plan
上がる,あがる,rising
上げる,あげる,raising
値段が上がる,ねだんがあがる,price rises
速度を上げる,そくどをあげる,to accelerate
雨が上がる,あめがあがる,to stop raining
乗る,のる,getting on
相談に乗る,そうだんにのる,to give advice
誘いに乗る,さそいにのる,to accept an invitation
リズムに乗る,りずむにのる,to get in rhythm
見る,みる,looking
様子を見る,ようすをみる,"to wait and see, to check the situation"
状況を見る,じょうきょうをみる,to examine the situation
状況,じょうきょう,"situation, circumstances"
味を見る,あじをみる,to check the taste
面倒を見る,めんどうをみる,to look after
夢を見る,ゆめをみる,to have a dream
聞く,きく,asking
道を聞く,みちをきく,to ask directions
名前を聞く,なまえをきく,to ask someone's name
意見を聞く,いけんをきく,to ask for an opinion
ある,ある,having
売店がある,ばいてんがある,to have a kiosk
売店,ばいてん,"shop, stand, booth"
お祭りがある,おまつりがある,to have a festival
約束がある,やくそくがある,to have an appointment
時間がある,じかんがある,to have time
お金がある,おかねがある,to have money
経験がある,けいけんがある,to have an experience
自信がある,じしんがある,to have confidence
熱がある,ねつがある,to have a fever
する,する,doing
けんかをする,けんかをする,"to quarell, to fight"
怪我(けが)をする,けがをする,to become injured
損をする,そんをする,to suffer a loss
得をする,とくをする,to profit
指輪をする,ゆびわをする,to wear a ring
10万円する,１０まんえんする,"to cost 100,000 yen"
無理をする,むりをする,to overdo it
話題にする,わだいにする,to talk about
話題,わだい,"topic, subject"
軽くする,かるくする,to make lighter
音がする,おとがする,to make a sound
できる,できる,being able
日本語ができる,にほんごができる,can speak Japanese
仕事ができる,しごとができる,can work
夕食ができる,ゆうしょくができる,dinner becomes ready
我慢する(がまん),がまんする,to persevere
感謝する,かんしゃする,to thank
感心する,かんしんする,to admire
感動する,かんどうする,to be moved by
緊張する,きんちょうする,to be nervous
興奮する,こうふんする,to be excited
想像する,そうぞうする,to imagine
反省する,はんせいする,to reflect on
理解する,りかいする,to comprehend
人と人,ひととひと,interpersonal relations
握手する,あくしゅする,to shake hands
応援する,おうえんする,to support
乾杯する,かんぱいする,to toast
協力する,きょうりょくする,to cooperate
競争する,きょうそうする,to compete
許可する,きょかする,to permit
伝言する,でんごんする,to transmit
仲直りする,なかなおりする,to reconcile
拍手する,はくしゅする,to applaud
反対する,はんたいする,to oppose
無視する,むしする,to ignore
約束する,やくそくする,to promise
通訳する,つうやくする,to interpret
出来事,できごと,happenings
影響する,えいきょうする,to influence
延期する,えんきする,to postpone
活躍する,かつやくする,to be active
完成する,かんせいする,to complete
乾燥する,かんそうする,to dry
故障する,こしょうする,to break down
終了する,しゅうりょうする,"to finish, to end"
成功する,せいこうする,to succeed
発達する,はったつする,to develop
不足する,ふそくする,to be insufficient
変化する,へんかする,to change
変更する,へんこうする,to alter
交通,こうつう,transportation
発車する,はっしゃする,to depart
乗車する,じょうしゃする,to board
停車する,ていしゃする,to stop
通過する,つうかする,to pass through
混雑する,こんざつする,to be crowded
渋滞する,じゅうたいする,"to be clogged, to be congested, to be backed up (?)"
移動する,いどうする,to move
横断する,おうだんする,to cross
移動する,いどうする,to move
遠慮する,えんりょする,to be restrained
確認する,かくにんする,to check
観光する,かんこうする,to go sightseeing
管理する,かんりする,to manage
記入する,きにゅうする,to write in
記録する,きろくする,to record
決定する,けっていする,to decide
計画する,けいかくする,to plan
計算する,けいさんする,to calculate
契約する,けいやくする,to enter into a contract
化粧する,けしょうする,to put on makeup
交換する,こうかんする,to exchange
合計する,ごうけいする,to add up
行動する,こうどうする,to act
撮影する,さつえいする,to take a picture
参加する,さんかする,to participate
指示する,しじする,to instruct
指定する,していする,to specify
修正する,しゅうせいする,to revise
修理する,しゅうりする,to repair
宿泊する,しゅくはくする,to stay overnight
診察する,しんさつする,to examine
整理する,せいりする,to put things in order
宣伝する,せんでんする,to advertise
追加する,ついかする,to add
登録する,とうろくする,to register
努力する,どりょくする,to endeavor
発見する,はっけんする,to discover
比較する,ひかくする,to compare
変更する,へんこうする,to alter
保存する,ほぞんする,to preserve
冷凍する,れいとうする,to freeze
命令する,めいれいする,to order
予防する,よぼうする,to prevent
利用する,りようする,to use
アップする,あっぷする,to upload
ダウンする,だうんする,to download
アドバイスする,あどばいすする,to advise
アナウンスする,あなうんすする,to announce
アンケートする,あんけーとする,to do a survey
イメージする,いめーじする,to imagine
インタビューする,いんたびゅーする,to interview
オープンする,おーぷんする,to open
カットする,かっとする,to cut
サインする,さいんする,to sign
スタートする,すたーとする,to start
ゴールする,ごーるする,"to reach the goal, to finish"
スピーチする,すぴーちする,to make a speech
時計をセットする,とけいをせっとする,to set a clock
セットする,せっとする,to set
チェックする,ちぇっくする,to check
チェックインする,ちぇっくいんする,to check in
チェックアウトする,ちぇっくあうとする,to check out
デートする,でーとする,to date
デザインする,でざいんする,to design
ノックする,のっくする,to knock
プラスする,ぷらすする,to add
マイナスする,まいなすする,to subtract
ホームステイする,ほーむすていする,to do a homestay
ミスする,みすする,to make a mistake
リサイクルする,りさいくるする,to recycle
リラックスする,りらっくすする,to relax
レンタルする,れんたるする,to rent
アイディアがある,あいでぃあがある,to have an idea
ゴールを決める,ごーるをきめる,to set a goal
ゴールをする,ごーるをする,to set a goal
コミュニケーションをとる,こみゅにけーしょんをとる,to get in touch
ショックを受ける,しょっくをうける,to be shocked
スイッチを入れる,すいっちをいれる,to turn on a switch
スイッチを切る,すいっちをきる,to turn off a switch
センスがいい,せんすがいい,to have good taste
センスが悪い,せんすがわるい,to have bad taste
バランスがいい,ばらんすがいい,to be balanced
バランスが悪い,ばらんすがわるい,to be unbalanced
形容詞,けいようし,adjective
カジュアル(な),かじゅある,casual
シンプル(な),しんぷる,simple
スムーズ(な),すむーず,smooth
ベスト(な),べすと,best
アマチュア,あまちゅあ,amateur
プロの選手,ぷろのせんしゅ,pro (professional player/athlete)
オリジナルの商品,おりじなるのしょうひん,original product
オリジナル,おりじなる,original
サンプル,さんぷる,sample
セルフサービス,せるふさーびす,self-service
本のタイトル,ほんのたいとる,book title
タイトル,たいとる,title
デジタル,でじたる,digital
トップを走る,とっぷをはしる,to run on top (leading)
ラスト,らすと,last
パンフレット,ぱんふれっと,pamphlet
ボランティア,ぼらんてぃあ,volunteer
ボリュームが多い,ぼりゅーむがおおい,large volume
テレビのボリューム,てれびのぼりゅーむ,television volume
慣用句,かんようく,idioms
頭,あたま,head
顔,かお,face
頭が(の)痛い,あたまがいたい,headache
頭に来る,あたまにくる,get mad/annoyed
これは頭に来る,これはあたまにくる,This is making me really angry.
頭が広い,あたまがひろい,knowledgable
彼は頭が広いから、誰かいい人を知ってる,かれはあたまがひろいから、だれかいいひとをしってる,"He gets around, he sure knows somebody good."
頭を出す,あたまをだす,? explain
明日のパーティーには、ちょっとだけ頭を出すつもりだ,明日のパーティーには、ちょっとだけあたまをだすつもりだ,I'm going to put in a brief showing at tomorrow's party.
口,くち,mouth
口が堅い,くちがかたい,"tight-lipped, able to keep a secret"
心配ない、彼は口が堅いよ,しんぱいない、かれはくちがかたいよ,"Don't worry, he can keep a secret."
口が軽い,くちがかるい,"loose-lipped, talkative (can't keep a secret)"
彼女には話さないほうが好いよ。かのじょは口が軽いから。,かのじょにははなさないほうがいいよ。かのじょはくちがかるいから。,It'd be better not to talk to her. She's pretty loose-lipped.
口に合う,くちにあう,to suit one's taste
お口に合うかどうか、わからない,おくちにあうかどうか、わからない,I don't know whether you'll like the taste.
口を出す,くちをだす,"butt in, interrupt in a conversation"
あんたに関係ない、口を出すな,あんたにかんけいない、くちをだすな,"It doesn't concern you, keep out of this."
耳,みみ,ears
目,め,eyes
耳が(の)痛い,みみがいたい,"painful to hear, not a nice thing to hear"
耳の痛い話だったが、世界で起こってる,みみのいたいはなしだったが、せかいでおこってる,"It's a painful story to hear, but it's happening the world now."
耳にする,みみにする,hear of
その話、僕も耳にしたことがある,そのはなし、ぼくもみみにしたことがある,I've heard of that story too.
目が回る,めがまわる,"dizzy, feel faint"
忙しくて、目が回るよ,いそがしくて、めがまわるよ,I'm so busy my head is spinning.
目に浮かぶ,めにうかぶ,can imagine
彼の困ってる顔が目に浮かぶ。,かれのこまってるかおがみにうかぶ,I can just see his troubled face.
手,て,hands
手が空く,てがあく,"not busy, hands are free"
手が空いたら、手伝ってくれる？,てがあいたら、てつだってくれる？,"If your hands are free, would you mind helping me?"
手が足りない,てがたりない,unable to do alone
手が足りなくて、困ってるんだ。,てがたりなくて、こまってるんだ。,I've got a problem. I just don't have enough hands to do this.
手を貸す,てをかす,to ask help
ちょっと手を貸してくれない？,ちょっとてをかしてくれない？,Could you give me a hand for a second?
気が合う,きがあう,get along
彼女とは昔から気が合うんです,かのじょとはむかしからきがあうんです,She and I have always got along.
～気がする,～きがする,to feel ~
誰かに見られてる気がする,だれかにみられてるきがする,I've got this feeling somebody's been watching me.
気がつく,きがつく,to notice
すいません、メモ気がつきませんだった。,すいません、めもきがつきませんだった,"I'm sorry, I didn't notice the memo."
気に入る,きにいる,to like
何か気に入ったものはあった？,なにかきにいったものはあった？,Was there anything you liked?
お気に入りの店,おきにいりのみせ,a store you like
気にする,きにする,"care about, worry about"
大したことじゃない、気にしないで,たいしたことじゃない、きにしないで,"It's no big deal, don't worry about it"
気になる,きになる,get worried
試合の結果が気になる,しあいのけっかがきになる,I'm worried about the result of the game.
気を使う,きをつかう,"care for, worry for"
大丈夫、気を使わないでください,だいじょうぶ、きをつかわないでください,"It's OK really, don't worry about me."
首になる,くびになる,to get fired
今、会社を首になったら、とても困る,今、かいしゃをくびになったら、とてもこまる,"If I get laid off now, I'll be really in trouble."
腹が立つ,はらがたつ,get angry
店員の失礼態度に腹が立った,てんいんのしつれいなたいどにはらがたった,The store clerk's impolite attitude made me mad.
腹を立てる,はらをたてる,to get angry
そんなことで腹を立てないで,そんなことではらをたてないで,Don't get mad over something like that.
痛む(足が),いたむ,to hurt
悲しむ(人の死),かなしむ,to grieve
苦しむ(熱で),くるしむ,to suffer
暖まる,あたたまる,to get warm
暖める,あたためる,to warm up
温まる,あたたまる,to be hot
温める,あたためる,to heat up
強まる(風が),つよまる,to be strong
冷房を強める,れいぼうをつよめる,to turn up the air conditioning
冷房,れいぼう,"air conditioning, cooling"
強める,つよめる,"strengthen, to emphasize"
弱まる(風が),よわまる,to be weak
暖房を弱める,だんぼうをよわめる,to turn down the heat
暖房,だんぼう,heating
弱める,よわめる,to weaken
薄める(お茶を),うすめる,"to make thinner (less concentrated), to dilute"
広がる,ひろがる,"to extend, to spread out"
広げる,ひろげる,to broaden
海に近づく,うみにちかづく,to get close to the sea
近づく,ちかづく,approach
画面に近づける,がめんにちかづける,to push close to the screen
画面,がめん,screen
近づける,ちかづける,to get close
喜びを表現する,よろこびをひょうげんする,to express one's joy
喜び,よろこび,"joy, delight"
表現する,ひょうげんする,express
一番の楽しむ,いちばんのたのしむ,the most fun thing
悲しみを理解する,かなしみをりかいする,to understand their grief
悲しみ,かなしみ,"grief, sorrow, sadness"
理解する,りかいする,"to understand, comprehend"
驚きのニュース,おどろきのにゅーす,surprising news
驚き,おどろき,"surprise, astonishment"
笑いの声,わらいのこえ,a laughing voice
国民の怒り,こくみんのいかり,the public's anger
怒り,いかり,anger
思いを伝える,おもいをつたえる,to communicate one's thoughts
考えを述べる,かんがえをのべる,to state one's idea
述べる,のべる,"to state, express"
願いを込める,ねがいをこめる,to put in a request
願い,ねがい,"request, wish"
込める,こめる,"to put into, to include"
動作,どうさ,action
行きの電車,いきのでんしゃ,outbound train
帰りの時間,かえりのじかん,return time
迎えの車,むかえのくるま,pick-up car
星の動き,ほしのうごき,movement of the stars
星,ほし,star
脳の働き,のうのはたらき,workings of the brain
片づけが済む,かたづけがすむ,to finish cleaning up
手伝いを頼む,てつだいをたのむ,to ask for help
頼むを聞く,たのむをきく,to entertain a request
別れのとき,わかれのとき,time to say good-bye
歌と踊り,うたとおどり,song and dance
遊びを覚える,あそびをおぼえる,to get to know a game
飾りをつける,かざりをつける,to decorate
知らせを受ける,しらせをうける,to get a notification
決まりを守る,きまりをまもる,to stick to a decision
集まりに遅れる,あつまりにおくれる,to be late for a gathering
続きを見る,つづきをみる,to see the continuation
急ぎの用事,いそぎのようじ,urgent errand
用事,ようじ,"errand, task, things to do"
役割の違い,やくわりのちがい,difference in roles
役割,やくわり,"role, part (of a task)"
旅の疲れ,たびのつかれ,travel exhaustion
旅,たび,"trip, travel"
終わりの時間,おわりのじかん,finishing time
回数,かいすう,frequency
再～,さい～,"re-, again"
再利用,さいりよう,"reuse, reutilization"
再放送,さいほうそう,rebroadcasting
最～,さい～,"~ est, most ~ "
最後,さいご,"end, last"
最高,さうこう,highest
最新,さいしん,latest
最大,さいだい,biggest
未～,み～,"not yet, coming ~"
未完成,みかんせい,"unfinished, incompletion"
未経験,みけいけん,inexperienced
未成年,みせいねん,minor
未確認,みかくにん,unconfimed
未使用,みしよう,unused
～新,～しん,new ~
新学期,しんがっき,new semester
新商品,しんしょうひん,new product
新記録,しんきろく,new record
新年,しんねん,new year
新品,しんひん,new item
新人,しんじん,"new person, newbie"
否定,ひてい,negation
不～,ふ～,not ~
不真面目,ふまじめ,"not serious, lazy"
不健康,ふけんこう,unhealthy
不十分,ふじゅうぶん,insufficient
不可能,ふかのう,impossible
不要,ふよう,unnecessary
不必要,ふひつよう,unnecessary
不便,ふべん,inconvenient
不幸,ふこう,unfortunate
無～,む～,"un ~, not ~, no ~"
無関係,むかんけい,unrelated
無責任,むせきにん,irresponsibility
無色,むしょく,colorless
無料,むりょう,free  (of payment)
無理,むり,unreasonable
非～,ひ～,"un ~, non ~"
非常識,ひじょうしき,"thoughtless, lack of common sense"
～者,～しゃ,"~ worker, ~ person"
医者,いしゃ,doctor
新聞記者,しんぶんきしゃ,newspaper reporter
司会者,しかいしゃ,"chairperson, presenter, emcee"
研究者,けんきゅうしゃ,researcher
担当者,たんとうしゃ,person in charge
参加者,さんかしゃ,participant
希望者,きぼうしゃ,"prospective, applicant"
応募者,おうぼしゃ,applicant
～員,～いん,"~ member, ~ employee"
会社員,かいしゃいん,company employee
銀行員,ぎんこういん,bank employee
店員,てんいん,"clerk, salesperson"
駅員,えきいん,station attendant
事務員,じむいん,clerk
係員,かかりいん,attendant
職員,しょくいん,staff member
～家,～か,"~ er, ~ ist, ~ professional"
作家,さっか,author
小説家,しょうせつか,novelist
漫画家,まんがか,cartoonist
画家,がか,painter
芸術家,げいじゅつか,artist
政治家,せいじか,politician
専門家,せんもんか,expert
～師,～し,"~ expert, ~ teacher, ~ master"
教師,きょうし,teacher
医師,いし,doctor
看護師,かんごし,nurse
～業,～ぎょう,"~ industry, ~ work"
作業,さぎょう,"work, task"
工業,こうぎょう,manufacturing industry
農業,のうぎょう,agriculture
産業,さんぎょう,industry
営業,えいぎょう,"sales, business"
～品,～ひん,"~ item, ~ product"
食品,しょくひん,food
化粧品,けしょうひん,cosmetics
商品,しょうひん,product
輸入品,ゆにゅうひん,imported goods
セール品,せーるひん,sale item
作品,さくひん,work (of art)
～器,～き,"~ utensil, ~ instrument"
食器,しょっき,"dishes, tableware"
楽器,がっき,musical instrument
～機,～き,~ machine
掃除機,そうじき,vacuum cleaner
洗濯機,せんたくき,washer
自動販売機,じどうはんばいき,vending machine
コピー機,こぴーき,copier
～料,～りょう,~ fee
入場料,にゅうじょうりょう,entrance fee
使用料,しようりょう,"charge, rent, usage/rental fee"
授業料,じゅぎょうりょう,admission/tuition fee
手数料,てすうりょう,service charge
送料,そうりょう,shipping fee
有料,ゆうりょう,"fee is required, toll"
～代,～だい,"~ bill, ~ expenses, ~ payment  (note: also used as suffix for generations/era/time)"
電気代,でんきだい,electric bill
食事代,しょくじだい,"meal expenses, bill (restaurant)"
バス代,ばすだい,bus fare
本代,ほんだい,"payment for books, book expenses"
洋服代,ようふくだい,clothing expenses
チケット代,ちけっとだい,ticket cost
修理代,しゅうりだい,cost of repair
～費,～ひ,"~ expense, ~ cost"
交通費,こうつうひ,travel expenses
食費 ,しょくひ,food budget
参加費,さんかひ,entry fee
会費,かいひ,membership due
学費,がくひ,tuition
～賃,～ちん,"~ fare, ~ fee, ~ rent"
家賃,かちん,rent
運賃,うんちん,fare
性質,せいしつ,disposition
～中,～ちゅう,"in ~, on ~, within ~, during ~"
電話中,でんわちゅう,on the phone
食事中,しょくじちゅう,having a meal
会議中,かいぎちゅう,in a meeting
世界中,せかいじゅう,"worldwide, throughout the world"
部屋中,へやじゅう,around the room
今週中,こんしゅうちゅう,"in this week, all this week (adv)"
休み中,やすみちゅう,on vacation
一日中,いちにちじゅう,"all day long, throughout the day"
～的,～てき,"~ y, ~ ly (note: turns  a noun to ""na"" adjective)"
健康的,けんこうてき,healthy
女性的,じょせいてき,feminine
計画的,けいかくてき,planned
基本的,きほんてき,basic
具体的,ぐたいてき,specific 
積極的,せっきょくてき,active
～用,～よう,for ~
男性用,だんせいよう,"men's ~, ~ for men"
旅行用,りょこうよう,for traveling
家庭用,かていよう,for home use
本～,ほん～,"this ~ , our ~"
本社,ほんしゃ,headquarters
本人,ほんにん,"the person in question, the person himself"
本日,ほんじつ,today
本当,ほんとう,true
～製,～せい,"made in ~, made from ~"
日本製,にほんせい,made in Japan
外国製,がいこくせい,"made abroad, imported"
革製,かわせい,leather
～立,～りつ,"~ property, ~ bound"
国立,こくりつ,national
私立,しりつ,private
市立,しりつ,"public, city property"
～線,～せん,~ line
国内線,こくないせん,domestic line
国際線,こくさいせん,international line
JR線,JRせん,JR (Japan Railways) line
